amount,transaction_hour,foreign_transaction,location_mismatch,device_trust_score,velocity_last_24h,cardholder_age,merchant_category_Clothing,merchant_category_Electronics,merchant_category_Food,merchant_category_Grocery,merchant_category_Travel,is_fraud_actual,fraud_prob,fraud_pred
61,7,0,0,45,3,46,1,0,0,0,0,0,4.593937e-06,0
10,20,0,0,25,3,26,0,0,0,1,0,0,4.933981e-05,0
34,5,0,0,84,1,21,0,1,0,0,0,0,7.235678e-06,0
15,10,0,0,31,3,43,0,0,0,0,1,0,2.2428358e-05,0
105,17,0,0,26,1,21,1,0,0,0,0,0,1.6021026e-05,0
32,7,0,0,58,5,18,0,0,0,0,1,0,0.000153633,0
41,19,0,0,93,2,65,0,0,1,0,0,0,8.158445e-06,0
53,6,0,0,40,3,46,0,1,0,0,0,0,5.0343424e-06,0
317,23,0,0,61,2,21,0,0,1,0,0,0,7.620149e-06,0
522,5,0,0,60,1,34,0,1,0,0,0,0,6.401279e-06,0
60,14,0,0,36,2,62,0,0,1,0,0,0,1.2985699e-05,0
176,7,1,0,83,0,64,0,0,0,1,0,0,2.7766262e-05,0
201,16,0,1,34,4,49,0,0,1,0,0,0,0.011287627,0
263,15,0,0,37,0,23,0,1,0,0,0,0,2.9736791e-05,0
180,20,0,0,50,0,57,0,0,0,0,1,0,7.821436e-06,0
23,1,0,0,98,3,42,0,1,0,0,0,0,2.9418961e-05,0
31,2,0,0,81,1,38,0,0,0,1,0,0,1.7112468e-05,0
122,9,0,0,87,5,45,0,0,0,1,0,0,5.148255e-05,0
9,23,0,0,58,2,28,0,0,1,0,0,0,8.441142e-06,0
128,12,0,0,60,3,23,0,1,0,0,0,0,4.652044e-06,0
38,18,0,0,47,2,49,0,1,0,0,0,0,5.4469774e-06,0
38,11,0,0,30,0,54,0,0,0,1,0,0,3.4199966e-05,0
166,2,0,0,76,1,45,0,0,0,0,1,0,1.5049829e-05,0
314,0,0,0,64,0,22,1,0,0,0,0,0,2.3583634e-05,0
240,21,0,0,46,2,32,0,0,0,1,0,0,6.9278944e-06,0
84,0,0,0,94,3,43,0,0,0,0,1,0,2.8882723e-05,0
947,14,0,1,87,2,32,1,0,0,0,0,0,0.0012188967,0
586,18,0,0,81,3,50,1,0,0,0,0,0,7.3230012e-06,0
196,16,0,1,85,1,38,1,0,0,0,0,0,3.483233e-05,0
541,7,0,0,60,4,31,0,1,0,0,0,0,6.587706e-06,0
372,6,0,0,60,1,66,0,0,0,0,1,0,1.00712805e-05,0
102,12,0,0,72,1,27,0,1,0,0,0,0,4.3534865e-06,0
451,2,0,0,35,1,18,1,0,0,0,0,0,0.0026618277,0
185,3,0,0,84,1,62,0,0,0,1,0,0,1.38137975e-05,0
524,21,0,0,74,2,20,0,0,0,0,1,0,1.0142161e-05,0
287,14,0,1,45,0,33,0,1,0,0,0,0,2.8175575e-05,0
77,14,0,0,26,1,25,0,0,1,0,0,0,1.604344e-05,0
131,19,0,0,74,3,32,0,0,0,1,0,0,5.42135e-06,0
380,10,0,0,80,1,40,0,0,1,0,0,0,6.8848917e-06,0
37,10,0,0,48,1,24,0,0,0,1,0,0,7.1037052e-06,0
205,19,0,0,34,1,33,1,0,0,0,0,0,1.5732012e-05,0
165,2,0,0,66,0,35,0,0,1,0,0,0,1.7456783e-05,0
241,1,0,0,80,2,67,0,0,0,0,1,0,2.194495e-05,0
521,10,1,0,71,1,39,0,0,0,0,1,0,6.337269e-05,0
58,10,0,0,72,5,66,1,0,0,0,0,0,3.7496553e-05,0
42,3,0,0,40,2,43,0,0,0,0,1,0,3.0722054e-05,0
161,13,0,0,66,2,38,0,0,0,0,1,0,4.6973782e-06,0
253,17,1,0,28,0,41,0,1,0,0,0,0,0.005031817,0
631,16,0,0,55,4,68,0,0,0,1,0,0,2.0006903e-05,0
49,12,0,0,47,1,58,0,0,0,1,0,0,5.0639946e-06,0
10,11,0,0,86,1,35,0,0,0,0,1,0,8.180221e-06,0
27,19,1,0,33,2,48,0,1,0,0,0,0,0.006657336,0
67,3,0,0,74,2,51,0,0,0,0,1,0,1.571721e-05,0
61,23,0,0,81,2,27,0,0,0,0,1,0,7.2679272e-06,0
2,7,0,0,90,2,55,0,0,1,0,0,0,7.6034453e-06,0
136,1,0,0,60,2,52,0,0,0,0,1,0,2.6164878e-05,0
226,2,1,1,91,3,52,0,0,0,1,0,1,0.62014806,1
26,2,0,0,46,1,67,0,1,0,0,0,0,2.222322e-05,0
29,5,0,0,68,1,44,1,0,0,0,0,0,4.8050965e-06,0
56,7,1,0,60,2,43,0,0,1,0,0,0,3.7168236e-05,0
128,20,0,0,58,5,21,0,0,0,0,1,0,5.1165105e-05,0
108,11,0,0,76,2,42,1,0,0,0,0,0,4.5164006e-06,0
16,7,0,1,56,2,62,0,0,1,0,0,0,7.734581e-05,0
7,1,0,0,81,2,33,0,0,0,1,0,0,3.8301587e-05,0
193,6,0,0,67,5,43,1,0,0,0,0,0,0.00013785192,0
62,12,1,0,51,0,35,0,0,0,1,0,0,2.7514743e-05,0
32,6,0,0,65,1,41,0,0,0,0,1,0,5.6483864e-06,0
703,8,0,0,34,2,25,0,0,1,0,0,0,5.2221083e-05,0
163,6,1,0,66,2,38,0,1,0,0,0,0,1.6252192e-05,0
39,7,0,0,52,1,64,0,1,0,0,0,0,6.608307e-06,0
295,5,0,0,52,3,63,1,0,0,0,0,0,6.0164825e-06,0
377,0,0,0,41,3,53,0,0,0,1,0,0,5.062434e-05,0
59,12,0,0,77,2,28,0,0,0,1,0,0,5.505663e-06,0
85,5,1,1,45,1,67,1,0,0,0,0,0,0.015512041,0
38,1,0,0,69,1,47,1,0,0,0,0,0,1.4108376e-05,0
35,18,0,0,79,1,38,1,0,0,0,0,0,5.861897e-06,0
9,22,0,0,86,3,18,0,0,0,0,1,0,1.3621625e-05,0
405,13,0,0,73,0,31,0,1,0,0,0,0,8.858521e-06,0
186,19,0,0,77,4,43,0,0,0,0,1,0,5.403666e-06,0
56,8,0,0,29,0,42,0,0,1,0,0,0,2.4811738e-05,0
149,3,0,0,57,1,36,0,0,0,0,1,0,1.174981e-05,0
10,19,0,0,69,3,21,0,0,0,0,1,0,9.663833e-06,0
55,15,0,0,78,4,30,0,0,1,0,0,0,5.782758e-06,0
121,20,1,0,87,5,58,0,0,0,0,1,0,0.007344224,0
131,4,0,0,55,5,26,0,0,1,0,0,0,0.00016632162,0
189,3,0,0,50,1,30,0,0,0,1,0,0,1.4986969e-05,0
401,2,0,0,46,1,39,0,0,0,0,1,0,2.4258587e-05,0
299,19,0,0,40,1,39,0,0,1,0,0,0,7.5907083e-06,0
45,4,0,0,34,3,36,0,1,0,0,0,0,2.7343436e-05,0
102,20,0,0,88,2,63,0,0,0,0,1,0,7.607326e-06,0
178,14,0,0,69,1,66,0,0,1,0,0,0,6.490387e-06,0
14,22,0,0,28,2,20,0,0,0,1,0,0,5.043915e-05,0
282,2,0,0,48,2,47,0,0,0,0,1,0,1.6258859e-05,0
208,0,0,0,60,2,28,1,0,0,0,0,0,1.4867434e-05,0
251,11,0,0,78,2,36,0,0,0,0,1,0,7.3847873e-06,0
152,10,0,0,44,2,54,0,0,0,1,0,0,4.442866e-06,0
26,14,0,0,70,0,67,0,0,0,0,1,0,8.7684275e-06,0
178,3,0,1,37,0,53,0,0,0,0,1,1,0.9534232,1
47,4,0,0,69,1,28,0,1,0,0,0,0,4.4614335e-06,0
75,16,0,0,83,3,41,0,0,0,0,1,0,5.2123305e-06,0
172,10,0,0,93,4,57,0,1,0,0,0,0,4.6802033e-06,0
796,4,0,0,34,1,31,0,0,1,0,0,0,0.00013326998,0
410,18,0,0,46,0,34,1,0,0,0,0,0,8.219312e-06,0
755,9,0,0,49,3,41,0,0,0,0,1,0,3.6172518e-05,0
330,15,0,0,28,3,31,0,0,0,0,1,0,1.9613339e-05,0
30,14,0,0,77,2,35,0,0,1,0,0,0,5.8484734e-06,0
287,12,0,0,90,2,52,0,1,0,0,0,0,5.256559e-06,0
14,21,0,0,83,2,48,0,1,0,0,0,0,6.978902e-06,0
255,0,0,0,56,2,37,0,1,0,0,0,0,1.3370295e-05,0
9,19,0,0,54,3,44,1,0,0,0,0,0,6.972515e-06,0
272,0,0,0,88,1,22,0,1,0,0,0,0,1.34160855e-05,0
83,11,0,0,30,4,36,0,0,0,0,1,0,1.979956e-05,0
113,1,0,0,72,2,58,0,0,0,1,0,0,2.4601008e-05,0
11,16,0,0,47,0,58,0,0,1,0,0,0,8.626536e-06,0
53,13,0,0,59,2,43,0,1,0,0,0,0,4.183124e-06,0
600,1,0,0,61,1,51,0,1,0,0,0,0,3.0049947e-05,0
76,15,1,0,27,1,43,0,1,0,0,0,0,0.0022110161,0
131,0,1,0,52,2,44,0,0,0,0,1,0,0.07263076,0
248,18,0,0,74,1,57,0,0,0,0,1,0,6.2186396e-06,0
62,3,0,0,27,1,64,0,1,0,0,0,0,0.00346343,0
15,22,0,0,35,0,23,0,0,0,1,0,0,7.653025e-05,0
18,15,0,0,44,1,33,0,1,0,0,0,0,5.6818935e-06,0
91,11,0,0,34,3,64,0,0,1,0,0,0,1.8299685e-05,0
47,2,0,0,43,1,42,0,1,0,0,0,0,1.5664957e-05,0
524,22,0,0,62,3,18,1,0,0,0,0,0,9.724406e-06,0
90,3,0,0,78,0,19,0,0,1,0,0,0,3.1568194e-05,0
1471,15,1,0,44,3,48,0,1,0,0,0,0,0.00059482513,0
71,9,0,0,65,2,38,0,1,0,0,0,0,4.105648e-06,0
200,23,0,1,71,4,66,1,0,0,0,0,0,4.4145218e-05,0
27,1,0,0,85,1,49,1,0,0,0,0,0,1.6862117e-05,0
139,14,0,0,52,2,18,0,1,0,0,0,0,6.619376e-06,0
62,11,1,0,78,2,24,0,0,1,0,0,0,2.5216785e-05,0
47,18,0,0,32,1,53,1,0,0,0,0,0,1.3972922e-05,0
27,15,0,0,76,1,44,0,0,0,0,1,0,6.008661e-06,0
300,20,0,0,30,2,66,0,0,0,0,1,0,2.189071e-05,0
91,18,1,0,31,1,50,0,0,1,0,0,0,0.0058336877,0
19,3,0,0,55,3,66,0,0,1,0,0,0,3.256077e-05,0
79,23,0,0,66,1,25,0,0,0,0,1,0,6.524651e-06,0
104,15,0,1,45,2,31,0,0,0,1,0,0,3.3632183e-05,0
187,5,0,0,96,2,52,1,0,0,0,0,0,5.016954e-06,0
709,18,0,0,56,0,25,0,0,0,1,0,0,2.3535396e-05,0
17,17,0,0,27,0,34,0,1,0,0,0,0,3.8954022e-05,0
115,8,0,0,62,4,64,0,0,0,1,0,0,5.495916e-06,0
145,13,0,0,28,3,47,0,0,0,1,0,0,1.4684896e-05,0
155,13,0,0,28,2,31,0,0,1,0,0,0,1.47758965e-05,0
308,22,0,1,57,2,41,0,0,0,0,1,0,5.6734792e-05,0
28,12,0,0,76,2,53,0,0,0,0,1,0,6.5098147e-06,0
830,4,0,0,62,3,48,1,0,0,0,0,0,1.9624977e-05,0
10,13,1,0,30,1,52,0,0,0,0,1,0,0.004977561,0
353,21,1,1,44,2,50,0,0,1,0,0,0,0.035293795,0
35,3,0,0,72,1,64,0,0,0,0,1,0,1.8837152e-05,0
337,13,0,0,83,5,35,0,0,0,1,0,0,8.984299e-05,0
25,13,0,0,25,3,56,0,0,1,0,0,0,2.0655603e-05,0
55,8,0,0,53,1,21,0,0,0,0,1,0,6.8423783e-06,0
132,12,1,0,77,2,63,0,0,0,0,1,0,3.5701574e-05,0
177,5,0,0,41,4,32,1,0,0,0,0,0,5.6357253e-06,0
171,18,0,0,41,4,32,0,1,0,0,0,0,4.784903e-06,0
356,0,0,1,78,4,46,0,0,0,0,1,0,0.03315376,0
164,21,0,0,29,3,62,0,0,0,1,0,0,2.1046948e-05,0
133,9,0,0,96,0,69,0,0,1,0,0,0,8.675749e-06,0
156,1,0,0,50,1,69,0,0,0,1,0,0,2.0585223e-05,0
272,11,0,0,72,4,57,0,0,0,0,1,0,6.019392e-06,0
151,1,0,0,86,2,18,1,0,0,0,0,0,1.7446133e-05,0
21,2,0,0,70,1,65,0,0,0,0,1,0,3.6697587e-05,0
50,2,0,0,75,0,39,1,0,0,0,0,0,1.79171e-05,0
198,19,0,0,27,0,47,0,0,0,1,0,0,2.4043631e-05,0
369,9,0,0,88,1,55,0,0,0,1,0,0,7.076955e-06,0
152,5,0,0,39,3,46,0,1,0,0,0,0,8.781122e-06,0
61,9,0,0,51,2,56,1,0,0,0,0,0,5.162666e-06,0
140,21,0,0,74,0,66,0,1,0,0,0,0,8.060775e-06,0
243,12,0,0,26,3,65,0,0,0,1,0,0,2.835058e-05,0
163,9,0,0,78,4,57,0,0,0,0,1,0,5.8268e-06,0
126,6,0,0,40,2,67,0,1,0,0,0,0,6.913368e-06,0
13,5,0,0,86,3,49,0,0,0,1,0,0,6.817939e-06,0
30,10,0,0,62,7,32,1,0,0,0,0,0,6.5355416e-05,0
41,17,0,0,82,2,47,0,0,1,0,0,0,6.0085235e-06,0
180,22,0,0,40,2,38,0,0,0,1,0,0,7.2489875e-06,0
71,23,0,0,82,2,35,0,0,0,1,0,0,6.5912186e-06,0
31,19,0,0,85,0,19,1,0,0,0,0,0,9.829504e-06,0
78,18,0,0,49,0,48,1,0,0,0,0,0,5.154858e-06,0
70,23,0,0,80,1,51,0,0,1,0,0,0,6.1855935e-06,0
30,14,0,0,84,1,39,1,0,0,0,0,0,5.169051e-06,0
48,8,0,0,59,3,31,1,0,0,0,0,0,4.5126158e-06,0
12,11,0,0,29,4,35,0,0,1,0,0,0,3.338638e-05,0
295,17,0,0,70,4,43,0,0,0,0,1,0,5.5559926e-06,0
299,8,1,0,33,3,59,0,0,0,1,0,0,0.007984561,0
84,20,0,1,42,3,69,0,0,1,0,0,0,8.9620866e-05,0
65,5,0,0,77,3,52,0,0,0,1,0,0,4.8852544e-06,0
29,1,0,0,45,2,32,0,0,0,0,1,0,2.8645258e-05,0
309,2,0,0,85,1,21,0,0,0,0,1,0,1.4854976e-05,0
117,15,0,0,88,1,37,1,0,0,0,0,0,4.7996327e-06,0
167,18,0,0,49,3,44,0,0,0,0,1,0,4.7362073e-06,0
4,23,0,0,88,3,40,0,0,0,0,1,0,9.873972e-06,0
57,2,0,0,30,0,22,0,0,0,0,1,0,0.008201858,0
238,1,0,0,28,1,26,0,0,0,1,0,0,0.01110484,0
11,18,0,0,45,0,38,0,0,0,1,0,0,8.527572e-06,0
397,6,0,0,49,2,39,0,0,0,1,0,0,6.527352e-06,0
49,20,0,0,88,2,30,0,0,0,0,1,0,6.4981723e-06,0
96,23,0,0,31,2,20,0,1,0,0,0,0,2.3921455e-05,0
298,11,0,1,35,1,63,1,0,0,0,0,0,0.0014707393,0
266,4,1,0,37,1,35,0,0,0,1,0,0,0.014850152,0
109,14,0,0,61,5,60,0,0,0,0,1,0,3.570106e-05,0
42,20,0,1,25,0,43,0,0,1,0,0,0,0.025733897,0
142,12,0,0,36,0,62,0,0,0,0,1,0,1.1556104e-05,0
30,15,0,0,79,0,44,0,0,1,0,0,0,6.8503246e-06,0
408,20,0,0,56,4,21,0,0,0,0,1,0,9.235247e-06,0
371,13,0,0,59,2,57,0,0,0,1,0,0,6.5546055e-06,0
403,2,0,0,73,1,43,1,0,0,0,0,0,1.6487607e-05,0
694,13,1,0,59,5,32,0,0,1,0,0,0,0.03971084,0
280,21,0,1,64,2,65,0,1,0,0,0,0,3.94427e-05,0
231,3,0,0,26,5,35,1,0,0,0,0,1,0.99889815,1
600,16,0,1,95,1,35,0,1,0,0,0,0,0.000104952305,0
51,9,0,0,78,4,62,1,0,0,0,0,0,5.7197867e-06,0
510,20,0,0,91,4,50,0,1,0,0,0,0,8.121161e-06,0
87,18,0,0,42,3,61,0,0,0,1,0,0,5.278169e-06,0
75,7,0,0,65,1,49,0,1,0,0,0,0,3.9847537e-06,0
63,13,1,0,71,1,29,0,1,0,0,0,0,1.4375799e-05,0
202,11,1,0,65,1,40,0,1,0,0,0,0,1.385352e-05,0
714,1,0,0,48,5,42,0,0,1,0,0,0,0.036758643,0
69,10,0,1,82,3,69,1,0,0,0,0,0,3.5465222e-05,0
126,5,0,0,37,2,55,0,1,0,0,0,0,1.2903901e-05,0
23,0,0,0,46,0,24,0,0,0,0,1,0,6.307232e-05,0
7,12,0,0,40,2,48,0,0,0,0,1,0,9.383892e-06,0
12,3,0,0,31,1,26,1,0,0,0,0,0,0.004430216,0
147,6,0,0,45,0,68,0,0,1,0,0,0,7.075187e-06,0
201,3,0,1,86,3,35,1,0,0,0,0,0,0.00308052,0
685,11,0,1,63,2,42,0,0,0,1,0,0,0.00019769823,0
130,21,0,0,46,4,61,0,0,0,1,0,0,5.7878883e-06,0
289,1,0,0,64,5,27,0,0,0,0,1,0,0.017790262,0
36,23,0,0,52,3,58,0,0,0,0,1,0,1.0148915e-05,0
466,11,0,0,51,1,38,0,0,1,0,0,0,7.2433145e-06,0
134,15,0,0,45,1,35,0,0,0,1,0,0,5.2563983e-06,0
63,2,0,0,53,1,68,1,0,0,0,0,0,2.2116197e-05,0
300,14,0,0,34,2,40,0,0,1,0,0,0,1.4272936e-05,0
578,7,0,0,27,0,34,0,0,0,0,1,0,5.970551e-05,0
74,21,1,1,79,2,41,1,0,0,0,0,0,0.003937909,0
4,1,0,0,90,1,42,0,1,0,0,0,0,2.3216728e-05,0
192,12,0,0,91,5,59,1,0,0,0,0,0,5.35702e-05,0
840,18,1,1,74,0,18,0,0,0,0,1,0,0.1266236,0
480,12,0,1,89,1,58,0,0,0,1,0,0,4.4949207e-05,0
208,1,0,0,67,1,44,0,0,0,0,1,0,1.5676269e-05,0
98,12,0,0,96,1,20,0,0,0,1,0,0,5.7068137e-06,0
16,6,0,0,90,0,18,0,0,1,0,0,0,1.4735258e-05,0
152,11,0,0,93,2,62,0,0,1,0,0,0,5.368261e-06,0
15,6,0,0,51,1,32,0,0,0,1,0,0,7.90336e-06,0
65,12,0,0,51,1,65,1,0,0,0,0,0,6.0033512e-06,0
96,21,0,1,54,0,55,1,0,0,0,0,0,3.9968898e-05,0
519,19,0,0,51,1,31,0,0,0,1,0,0,8.59016e-06,0
327,23,0,0,52,1,36,0,0,0,0,1,0,8.2497345e-06,0
75,23,0,0,72,0,35,0,0,1,0,0,0,7.897423e-06,0
228,8,0,0,79,1,52,1,0,0,0,0,0,4.632021e-06,0
372,11,1,0,57,3,69,0,0,0,0,1,0,0.00010387223,0
85,23,1,0,33,2,41,0,0,1,0,0,0,0.005599234,0
32,5,0,0,31,2,51,0,0,1,0,0,0,2.2663467e-05,0
57,9,0,0,52,1,52,0,1,0,0,0,0,4.4073586e-06,0
12,0,0,0,74,1,62,0,0,0,0,1,0,3.794747e-05,0
1,13,0,0,86,4,32,1,0,0,0,0,0,8.214039e-06,0
619,20,0,0,82,1,33,0,0,1,0,0,0,1.43132e-05,0
125,11,0,0,28,3,45,0,0,0,1,0,0,2.0853688e-05,0
171,23,0,0,80,2,36,0,0,1,0,0,0,6.71542e-06,0
113,18,0,0,57,1,56,0,0,1,0,0,0,4.6864784e-06,0
221,5,0,0,59,1,34,0,0,0,1,0,0,4.9840733e-06,0
55,19,1,0,89,1,60,0,0,1,0,0,0,2.6869797e-05,0
63,19,0,0,91,0,47,0,1,0,0,0,0,6.2777676e-06,0
32,5,0,0,41,0,51,0,0,0,0,1,0,9.759579e-06,0
332,5,0,0,65,2,30,0,0,0,0,1,0,5.9179433e-06,0
8,3,0,0,99,2,58,0,0,1,0,0,0,2.4268513e-05,0
11,6,0,0,67,1,43,0,0,0,0,1,0,7.0881e-06,0
162,18,0,0,86,1,68,0,0,0,1,0,0,6.274984e-06,0
35,15,0,0,39,2,32,0,0,0,0,1,0,1.6639198e-05,0
85,14,0,0,98,3,36,0,0,1,0,0,0,6.2741465e-06,0
432,16,0,0,37,1,68,0,1,0,0,0,0,2.2461449e-05,0
35,7,0,0,32,1,20,0,1,0,0,0,0,2.4220813e-05,0
54,14,0,1,58,2,56,0,1,0,0,0,0,2.9676166e-05,0
603,2,0,0,78,4,51,0,0,1,0,0,0,5.2168078e-05,0
12,16,0,0,93,1,24,0,0,0,1,0,0,8.499723e-06,0
73,15,0,0,42,0,23,0,0,1,0,0,0,7.723358e-06,0
11,14,0,0,38,2,61,1,0,0,0,0,0,2.2504159e-05,0
125,19,0,0,95,4,56,0,1,0,0,0,0,5.2115497e-06,0
59,14,0,0,54,1,21,0,1,0,0,0,0,5.4226743e-06,0
213,23,0,0,52,1,59,0,0,1,0,0,0,6.097506e-06,0
32,13,0,0,75,0,55,0,0,1,0,0,0,6.8776403e-06,0
344,5,0,0,32,2,63,0,0,0,0,1,0,2.3575136e-05,0
52,9,0,1,46,3,27,1,0,0,0,0,0,4.2445008e-05,0
64,0,0,0,82,1,29,0,1,0,0,0,0,2.064308e-05,0
167,11,1,0,72,1,62,0,0,1,0,0,0,2.2660464e-05,0
179,2,0,0,74,3,40,0,0,0,0,1,0,1.3341662e-05,0
124,2,0,0,88,4,49,0,0,0,1,0,0,1.814459e-05,0
47,10,0,0,30,1,35,0,0,0,1,0,0,2.5219479e-05,0
230,19,0,1,51,1,39,0,1,0,0,0,0,3.3182503e-05,0
77,8,0,0,86,1,23,0,1,0,0,0,0,4.912028e-06,0
359,10,0,0,44,2,68,0,0,1,0,0,0,8.414875e-06,0
191,16,0,0,81,3,49,1,0,0,0,0,0,4.5945067e-06,0
1,19,0,0,57,2,50,0,0,1,0,0,0,7.792935e-06,0
23,11,0,0,31,1,59,1,0,0,0,0,0,1.7319267e-05,0
226,3,0,0,27,1,22,1,0,0,0,0,0,0.0033573825,0
51,18,0,0,70,2,42,1,0,0,0,0,0,4.380348e-06,0
60,3,0,0,32,0,65,0,0,0,1,0,0,0.0078124944,0
118,23,0,0,92,3,24,0,1,0,0,0,0,6.3201414e-06,0
44,23,0,0,42,0,22,0,1,0,0,0,0,1.0608341e-05,0
397,7,0,0,80,2,53,0,0,1,0,0,0,7.3880983e-06,0
220,14,0,0,84,1,54,1,0,0,0,0,0,4.616005e-06,0
122,15,0,0,49,1,55,0,1,0,0,0,0,4.447165e-06,0
246,3,1,0,53,1,21,0,1,0,0,0,0,0.0012878451,0
167,11,0,0,26,5,61,0,0,1,0,0,0,0.0065156217,0
122,14,0,0,31,1,62,1,0,0,0,0,0,1.4806167e-05,0
37,13,0,0,47,0,27,1,0,0,0,0,0,8.609523e-06,0
517,15,0,0,41,4,45,0,0,1,0,0,0,7.240303e-06,0
44,17,0,0,33,2,49,0,1,0,0,0,0,1.3076966e-05,0
670,3,0,0,37,4,30,0,0,1,0,0,0,0.008742028,0
88,19,1,0,83,1,33,0,0,0,1,0,0,2.4715977e-05,0
156,18,0,0,36,1,24,0,0,0,1,0,0,1.4981482e-05,0
1161,20,0,0,28,0,47,0,1,0,0,0,0,0.009435523,0
249,12,0,0,88,2,20,1,0,0,0,0,0,5.9570875e-06,0
284,9,0,0,43,1,30,0,0,1,0,0,0,5.7730654e-06,0
410,18,0,0,80,2,60,0,0,1,0,0,0,7.680367e-06,0
154,11,1,0,72,4,66,0,0,0,1,0,0,3.404952e-05,0
24,23,0,0,32,6,34,0,0,0,0,1,0,0.02623933,0
112,4,0,1,90,3,27,0,1,0,0,0,0,4.8075446e-05,0
394,23,0,0,97,0,41,1,0,0,0,0,0,1.0325668e-05,0
65,14,0,0,85,3,41,0,0,0,0,1,0,5.2123305e-06,0
147,5,0,0,56,2,28,0,0,0,1,0,0,5.027031e-06,0
74,17,0,0,91,1,44,1,0,0,0,0,0,4.577511e-06,0
10,2,0,0,84,1,46,1,0,0,0,0,0,1.9358791e-05,0
297,7,0,0,65,2,66,1,0,0,0,0,0,6.3728276e-06,0
380,6,0,1,68,2,24,0,0,1,0,0,0,0.00010491739,0
84,16,0,0,55,2,25,0,0,0,0,1,0,5.657184e-06,0
41,21,0,0,25,1,30,0,1,0,0,0,0,2.5406633e-05,0
136,13,0,0,79,4,62,0,0,0,1,0,0,5.5980577e-06,0
304,1,0,0,25,2,59,0,0,1,0,0,0,0.0031819693,0
590,19,1,0,84,3,23,1,0,0,0,0,0,9.4172836e-05,0
61,17,0,0,55,1,48,0,0,0,1,0,0,5.1908414e-06,0
10,21,0,0,44,3,36,0,1,0,0,0,0,7.905448e-06,0
153,11,1,0,51,2,25,0,0,1,0,0,0,2.5787875e-05,0
302,23,0,0,25,3,26,0,0,1,0,0,0,2.8142491e-05,0
1,13,0,0,25,3,25,1,0,0,0,0,0,3.0734183e-05,0
204,2,0,0,81,0,28,1,0,0,0,0,0,2.2706106e-05,0
228,22,0,0,27,1,20,0,0,1,0,0,0,2.6116913e-05,0
15,14,0,0,47,3,53,0,0,0,1,0,0,6.4733076e-06,0
249,12,0,0,34,1,53,0,0,1,0,0,0,1.5460604e-05,0
82,15,1,0,52,1,58,0,1,0,0,0,0,2.1498496e-05,0
219,5,0,0,42,2,59,1,0,0,0,0,0,5.4160173e-06,0
178,21,0,0,85,1,50,0,1,0,0,0,0,5.626258e-06,0
209,3,0,0,32,0,56,0,0,1,0,0,0,0.0029154061,0
57,1,1,0,59,1,54,0,1,0,0,0,0,0.0047270386,0
139,3,0,0,78,5,32,0,0,1,0,0,0,0.0045908424,0
28,18,0,0,75,2,31,0,0,1,0,0,0,5.8081487e-06,0
281,3,0,0,33,1,60,0,1,0,0,0,0,0.001655535,0
448,14,0,0,67,1,68,0,1,0,0,0,0,7.712973e-06,0
15,12,0,0,53,0,30,0,0,1,0,0,0,8.910433e-06,0
278,12,1,1,88,2,64,0,0,1,0,0,0,0.012758089,0
117,20,1,0,52,6,62,0,0,0,0,1,0,0.008856371,0
584,20,0,0,63,1,36,0,1,0,0,0,0,7.714311e-06,0
224,8,0,1,94,2,36,0,0,0,1,0,0,4.210158e-05,0
496,2,0,0,66,2,52,1,0,0,0,0,0,1.5903068e-05,0
739,22,0,0,72,1,24,0,0,0,0,1,0,4.2480035e-05,0
4,15,0,0,83,3,26,0,0,1,0,0,0,7.666076e-06,0
93,18,0,0,89,1,46,1,0,0,0,0,0,4.9404603e-06,0
31,14,0,0,31,1,68,0,0,0,1,0,0,2.1989676e-05,0
210,17,0,0,67,3,69,1,0,0,0,0,0,5.7228044e-06,0
68,5,0,1,39,1,52,1,0,0,0,0,0,0.0011903674,0
158,18,0,0,63,1,63,0,0,1,0,0,0,5.193951e-06,0
99,10,0,0,61,0,50,0,1,0,0,0,0,5.4799793e-06,0
230,21,1,0,80,3,50,0,0,1,0,0,0,3.6295598e-05,0
44,16,1,0,50,1,18,0,1,0,0,0,0,2.301351e-05,0
173,9,0,0,35,1,28,0,0,0,1,0,0,1.4801084e-05,0
76,8,0,0,44,4,29,0,0,0,0,1,0,5.3157164e-06,0
42,4,0,0,35,0,31,1,0,0,0,0,0,4.385645e-05,0
96,6,0,0,65,2,19,0,0,1,0,0,0,5.4991874e-06,0
116,1,0,0,71,5,49,0,1,0,0,0,0,0.01257626,0
38,0,0,1,39,3,51,0,1,0,0,0,1,0.96932554,1
111,20,0,0,70,3,59,1,0,0,0,0,0,5.1713587e-06,0
1,21,0,1,67,2,63,0,0,1,0,0,0,0.00011214862,0
254,8,1,0,91,6,53,0,0,1,0,0,0,0.19584478,0
94,22,0,0,27,2,48,0,0,0,1,0,0,3.1275078e-05,0
147,16,0,0,48,1,39,0,0,0,0,1,0,4.7362073e-06,0
258,12,0,0,73,2,40,1,0,0,0,0,0,4.6859645e-06,0
47,14,0,0,31,1,51,1,0,0,0,0,0,1.46442835e-05,0
9,21,0,0,52,5,39,1,0,0,0,0,0,0.00013307239,0
102,22,0,0,89,0,30,0,0,0,0,1,0,8.7062335e-06,0
10,12,0,0,71,2,40,1,0,0,0,0,0,6.5140625e-06,0
160,17,0,0,50,0,50,0,0,1,0,0,0,5.409962e-06,0
63,16,0,0,82,3,36,0,0,0,0,1,0,5.8729934e-06,0
56,17,0,0,62,2,60,0,0,1,0,0,0,4.777539e-06,0
378,17,0,0,83,1,52,0,1,0,0,0,0,6.5226914e-06,0
578,23,0,0,51,2,38,0,0,1,0,0,0,1.0361377e-05,0
813,18,0,1,52,2,68,0,0,0,1,0,0,0.0005364773,0
145,6,0,0,84,1,47,1,0,0,0,0,0,4.2875868e-06,0
200,10,0,0,93,2,45,0,1,0,0,0,0,4.478028e-06,0
5,3,0,0,72,2,61,1,0,0,0,0,0,1.9518513e-05,0
58,21,1,0,38,0,33,0,0,0,0,1,0,0.0056218486,0
90,19,0,0,42,3,53,0,1,0,0,0,0,5.419763e-06,0
61,15,0,0,94,3,67,1,0,0,0,0,0,6.2844283e-06,0
22,22,0,0,27,0,19,0,0,0,1,0,0,7.6643235e-05,0
124,18,0,1,67,3,38,0,0,0,0,1,0,4.10119e-05,0
300,4,0,0,96,3,32,0,0,0,1,0,0,6.3670627e-06,0
133,12,0,0,52,4,18,0,0,1,0,0,0,6.7421274e-06,0
288,12,1,0,80,2,45,0,0,1,0,0,0,4.052913e-05,0
36,1,0,1,64,1,32,0,0,0,0,1,0,0.011480897,0
65,22,0,0,87,3,67,0,1,0,0,0,0,6.8603927e-06,0
751,14,0,0,76,3,48,0,0,0,1,0,0,2.4835981e-05,0
85,18,0,0,31,4,66,1,0,0,0,0,0,1.7233742e-05,0
96,8,0,0,71,1,39,0,0,0,0,1,0,5.3162744e-06,0
212,17,0,0,29,2,33,0,0,0,1,0,0,2.03978e-05,0
217,20,0,0,33,3,54,0,0,1,0,0,0,1.5512695e-05,0
72,19,0,0,51,3,24,0,1,0,0,0,0,5.633893e-06,0
248,13,0,0,25,1,50,0,0,0,0,1,0,1.7395892e-05,0
475,3,0,0,64,0,65,0,0,0,0,1,0,3.6485704e-05,0
314,18,0,0,90,1,37,0,0,0,0,1,0,6.373381e-06,0
196,2,0,0,89,4,36,0,1,0,0,0,0,1.359755e-05,0
530,3,0,0,56,1,50,0,0,0,0,1,0,2.6771528e-05,0
265,22,0,0,26,1,60,0,0,0,0,1,0,2.0457412e-05,0
16,18,0,0,61,1,19,0,0,0,0,1,0,8.5488e-06,0
618,6,0,1,74,2,69,1,0,0,0,0,0,0.00030700283,0
7,16,0,0,62,1,45,0,1,0,0,0,0,5.858404e-06,0
114,8,0,0,32,1,21,1,0,0,0,0,0,1.6711634e-05,0
28,14,0,0,34,1,45,0,0,0,0,1,0,1.5399699e-05,0
541,3,1,0,87,1,64,0,0,0,0,1,0,0.009859902,0
11,16,1,0,67,1,40,1,0,0,0,0,0,2.4126619e-05,0
346,7,0,0,93,2,57,0,1,0,0,0,0,6.1134247e-06,0
82,8,0,0,90,2,28,0,0,0,1,0,0,5.6816116e-06,0
141,15,1,0,55,2,64,1,0,0,0,0,0,5.1550003e-05,0
291,18,1,1,68,1,22,0,1,0,0,0,0,0.0014620034,0
75,15,0,1,84,7,22,1,0,0,0,0,0,0.010946807,0
165,14,0,0,96,2,68,0,1,0,0,0,0,5.815969e-06,0
64,1,0,0,58,2,46,0,0,0,0,1,0,2.0460826e-05,0
284,20,0,0,65,4,19,1,0,0,0,0,0,6.0879765e-06,0
160,15,0,0,93,1,50,0,0,0,0,1,0,5.596707e-06,0
70,15,0,0,60,1,43,1,0,0,0,0,0,4.0408668e-06,0
256,14,0,0,34,3,31,1,0,0,0,0,0,1.5048523e-05,0
9,23,0,0,37,1,50,0,0,1,0,0,0,2.5029334e-05,0
54,9,0,0,34,4,63,0,0,1,0,0,0,1.7103137e-05,0
22,13,0,0,59,2,48,0,0,0,1,0,0,5.194456e-06,0
185,20,0,0,79,1,69,0,0,0,1,0,0,8.019746e-06,0
2,13,0,0,81,2,31,0,1,0,0,0,0,6.8902978e-06,0
114,8,0,0,78,2,67,0,0,1,0,0,0,7.1765153e-06,0
50,12,0,0,57,3,47,0,0,0,1,0,0,4.4777335e-06,0
131,19,0,0,84,2,65,1,0,0,0,0,0,6.423245e-06,0
85,13,0,0,65,1,37,0,0,0,0,1,0,4.991789e-06,0
237,14,0,0,34,0,22,0,1,0,0,0,0,2.7985152e-05,0
66,9,0,1,63,1,23,0,1,0,0,0,0,2.2447806e-05,0
241,2,0,0,87,2,54,0,0,1,0,0,0,1.4322758e-05,0
43,21,0,0,53,1,46,1,0,0,0,0,0,5.1492525e-06,0
57,0,0,0,98,0,45,0,0,0,1,0,0,5.0332386e-05,0
43,6,0,0,81,4,61,0,0,0,1,0,0,5.439165e-06,0
25,11,0,0,29,3,19,0,0,0,0,1,0,2.201943e-05,0
4,22,0,0,49,1,19,0,0,0,1,0,0,1.0647332e-05,0
21,5,0,0,44,2,25,0,0,0,0,1,0,6.8740014e-06,0
40,4,0,0,92,1,31,1,0,0,0,0,0,6.295526e-06,0
84,19,0,0,51,0,46,0,0,1,0,0,0,6.3590705e-06,0
22,17,0,0,97,1,61,0,0,0,1,0,0,6.427626e-06,0
427,7,0,0,36,2,31,0,0,0,0,1,0,2.285893e-05,0
172,4,0,1,92,0,68,1,0,0,0,0,0,5.7152647e-05,0
22,22,0,0,73,0,39,1,0,0,0,0,0,7.703783e-06,0
27,5,1,1,27,1,35,0,0,0,0,1,1,0.9602419,1
106,6,0,0,42,1,49,1,0,0,0,0,0,5.1806483e-06,0
160,8,0,0,43,2,32,0,0,0,0,1,0,5.873996e-06,0
413,8,0,0,25,5,66,0,1,0,0,0,0,0.037572812,0
6,0,0,0,67,0,30,0,1,0,0,0,0,4.064009e-05,0
92,3,0,1,48,1,55,0,0,1,0,0,0,0.0038962213,0
338,22,0,0,75,3,48,0,1,0,0,0,0,5.704806e-06,0
350,20,0,0,89,1,24,0,0,0,1,0,0,8.242405e-06,0
364,23,0,0,38,2,61,0,0,0,0,1,0,3.4518187e-05,0
144,20,0,0,31,0,34,0,1,0,0,0,0,3.273278e-05,0
151,21,0,1,65,1,54,0,0,0,0,1,0,3.9535036e-05,0
888,21,0,0,39,0,69,0,0,0,0,1,0,0.00014964651,0
102,2,1,0,32,2,48,0,1,0,0,0,1,0.9978941,1
135,8,0,0,88,1,51,0,1,0,0,0,0,4.689952e-06,0
344,23,0,0,57,3,22,0,0,0,1,0,0,8.69587e-06,0
230,0,0,0,39,0,37,0,0,0,1,0,0,0.0035230333,0
158,2,0,0,25,2,34,0,0,0,0,1,0,0.002538282,0
30,9,0,0,53,1,35,0,0,1,0,0,0,5.682923e-06,0
400,21,0,0,38,1,59,0,0,0,0,1,0,2.1462523e-05,0
143,19,0,0,59,4,32,0,1,0,0,0,0,4.331897e-06,0
81,21,1,0,42,1,39,0,0,0,1,0,0,4.003833e-05,0
1,15,0,0,68,2,27,0,0,0,1,0,0,8.207939e-06,0
404,4,0,0,77,2,34,1,0,0,0,0,0,6.942564e-06,0
443,9,1,0,48,2,54,0,0,0,1,0,0,6.3519525e-05,0
269,1,0,0,75,2,25,1,0,0,0,0,0,1.36135595e-05,0
89,15,0,0,37,4,44,0,0,1,0,0,0,1.234705e-05,0
56,3,0,0,85,3,40,0,0,0,1,0,0,1.4712467e-05,0
171,17,0,0,54,2,44,1,0,0,0,0,0,4.2232728e-06,0
214,18,0,0,81,2,53,0,0,0,1,0,0,4.9450277e-06,0
18,12,0,0,57,1,52,0,0,1,0,0,0,5.805739e-06,0
290,17,0,0,96,2,43,0,0,0,0,1,0,6.090433e-06,0
13,7,0,0,55,1,35,0,1,0,0,0,0,7.338242e-06,0
45,7,1,0,57,3,64,0,0,1,0,0,0,4.571793e-05,0
150,19,0,0,26,1,40,0,1,0,0,0,0,1.5220624e-05,0
218,21,0,0,56,3,21,0,0,1,0,0,0,6.1833584e-06,0
330,18,0,0,76,3,45,0,0,1,0,0,0,5.270121e-06,0
556,3,0,0,59,3,22,0,0,1,0,0,0,1.7151124e-05,0
164,9,0,0,89,1,18,1,0,0,0,0,0,6.2923623e-06,0
391,12,0,0,32,1,30,0,0,0,0,1,0,2.1733102e-05,0
35,9,0,0,78,2,62,0,1,0,0,0,0,7.069333e-06,0
186,15,0,0,47,3,20,0,0,0,0,1,0,5.8828928e-06,0
345,20,0,0,51,2,65,1,0,0,0,0,0,8.476281e-06,0
264,14,0,0,79,1,27,0,0,0,1,0,0,6.1546602e-06,0
311,20,0,0,77,2,59,0,0,0,1,0,0,6.231391e-06,0
103,13,0,0,96,2,19,0,0,1,0,0,0,5.686908e-06,0
33,2,0,0,60,2,32,0,0,1,0,0,0,1.3141463e-05,0
100,20,0,0,88,2,39,0,0,1,0,0,0,5.4659554e-06,0
655,0,1,0,61,3,26,0,0,1,0,0,0,0.057021238,0
161,14,1,0,46,0,36,1,0,0,0,0,0,2.269234e-05,0
37,22,0,0,62,4,29,1,0,0,0,0,0,6.348824e-06,0
138,18,0,1,76,1,28,0,1,0,0,0,0,1.5938931e-05,0
395,11,0,0,76,1,31,0,0,0,1,0,0,7.900933e-06,0
130,22,0,0,67,1,66,0,0,0,0,1,0,8.142651e-06,0
50,4,0,1,77,4,58,0,0,0,0,1,0,8.2263134e-05,0
76,23,0,0,70,1,50,0,1,0,0,0,0,5.3418175e-06,0
145,12,0,0,45,0,67,0,0,1,0,0,0,6.8823124e-06,0
379,2,0,0,75,1,63,1,0,0,0,0,0,2.3529137e-05,0
266,4,0,0,95,1,23,0,0,1,0,0,0,6.7346537e-06,0
199,12,0,0,81,3,58,0,0,0,1,0,0,5.050597e-06,0
65,8,0,0,72,2,20,0,0,0,0,1,0,6.3491693e-06,0
20,9,0,0,76,2,64,0,0,1,0,0,0,7.235617e-06,0
342,4,1,1,66,1,58,0,0,0,1,0,0,0.046489324,0
146,7,0,0,78,2,39,1,0,0,0,0,0,4.574098e-06,0
227,10,0,0,29,1,63,0,0,0,1,0,0,1.8477944e-05,0
172,1,0,0,94,1,59,0,1,0,0,0,0,1.4941815e-05,0
476,22,0,0,65,0,24,0,0,1,0,0,0,1.1538463e-05,0
285,0,0,0,67,3,32,0,0,0,0,1,0,1.8537068e-05,0
104,18,0,0,86,3,64,0,1,0,0,0,0,5.6521635e-06,0
133,13,0,0,45,0,45,0,0,0,1,0,0,5.8536457e-06,0
248,20,0,0,59,1,61,1,0,0,0,0,0,5.5849823e-06,0
67,3,0,0,48,1,66,0,0,1,0,0,0,2.1808944e-05,0
163,11,0,0,37,2,47,0,0,0,0,1,0,8.062812e-06,0
156,4,0,0,74,0,26,0,0,1,0,0,0,6.570038e-06,0
30,20,0,0,29,6,36,0,0,0,0,1,0,0.014649442,0
475,0,0,0,71,1,57,0,0,1,0,0,0,3.154225e-05,0
948,5,0,0,60,2,27,0,0,0,0,1,0,9.304774e-05,0
294,8,1,0,67,2,54,1,0,0,0,0,0,4.3994052e-05,0
325,16,0,0,40,3,56,0,1,0,0,0,0,5.668947e-06,0
9,4,0,0,39,3,60,0,0,0,0,1,0,2.2721442e-05,0
89,18,0,1,37,5,67,0,1,0,0,0,1,0.91829747,1
53,5,0,0,69,4,55,1,0,0,0,0,0,4.464613e-06,0
29,14,1,1,92,2,57,0,1,0,0,0,0,0.0036163311,0
258,20,0,0,30,0,57,0,0,0,0,1,0,2.336254e-05,0
376,3,0,0,98,3,31,0,0,1,0,0,0,2.9880348e-05,0
65,12,0,0,92,2,36,1,0,0,0,0,0,5.157711e-06,0
17,22,0,0,53,0,50,1,0,0,0,0,0,7.765826e-06,0
100,2,0,0,61,2,62,0,1,0,0,0,0,1.3301403e-05,0
717,15,0,0,77,3,29,1,0,0,0,0,0,2.4048037e-05,0
93,18,0,0,95,1,28,0,0,1,0,0,0,5.4099155e-06,0
312,9,0,0,41,0,24,0,0,0,0,1,0,1.1146732e-05,0
10,14,0,0,96,0,25,0,0,0,1,0,0,1.1759284e-05,0
37,16,0,0,65,3,65,0,1,0,0,0,0,6.516399e-06,0
105,3,0,0,91,3,37,1,0,0,0,0,0,1.5273436e-05,0
142,18,0,0,59,2,31,0,1,0,0,0,0,4.0445484e-06,0
32,15,1,0,73,2,20,0,0,0,0,1,0,5.0869694e-05,0
124,20,0,1,79,0,21,1,0,0,0,0,0,3.899353e-05,0
261,7,0,0,71,3,54,0,0,0,0,1,0,6.0147727e-06,0
241,21,0,0,73,1,22,0,1,0,0,0,0,6.524215e-06,0
47,21,0,0,99,0,61,0,1,0,0,0,0,8.87539e-06,0
42,3,0,0,47,1,18,0,1,0,0,0,0,1.7711352e-05,0
160,2,0,0,37,2,30,0,0,1,0,0,0,0.0015378996,0
317,18,0,0,44,4,42,0,0,1,0,0,0,5.0710264e-06,0
362,6,1,0,84,2,43,0,0,0,1,0,0,6.174079e-05,0
194,17,0,0,60,6,22,0,0,1,0,0,0,7.844926e-05,0
84,3,0,0,29,4,49,0,0,0,1,0,0,0.0069678263,0
267,11,0,0,58,3,66,1,0,0,0,0,0,6.350786e-06,0
62,3,0,0,56,3,63,1,0,0,0,0,0,1.6827531e-05,0
155,18,0,0,35,1,18,0,0,0,0,1,0,1.42575345e-05,0
157,13,0,0,73,2,48,0,0,0,1,0,0,4.217087e-06,0
90,12,0,0,50,3,65,0,0,0,0,1,0,7.870371e-06,0
153,7,0,0,77,3,66,0,1,0,0,0,0,5.7405587e-06,0
4,16,0,0,99,1,55,1,0,0,0,0,0,8.758339e-06,0
293,2,1,0,56,1,32,0,0,1,0,0,0,0.008139509,0
157,17,0,0,32,1,36,1,0,0,0,0,0,1.3315566e-05,0
155,22,0,0,41,2,60,0,0,0,1,0,0,5.823906e-06,0
172,21,0,0,55,3,34,0,0,0,0,1,0,6.2622507e-06,0
53,1,0,0,93,2,23,0,0,0,0,1,0,2.3285e-05,0
522,0,0,0,41,2,51,0,0,0,0,1,0,7.779258e-05,0
49,16,0,0,33,7,66,0,1,0,0,0,0,0.004429564,0
56,11,0,0,62,2,69,0,0,0,1,0,0,6.496438e-06,0
308,0,0,0,38,1,49,1,0,0,0,0,0,0.0015530718,0
288,13,0,0,61,2,43,0,0,0,1,0,0,4.790144e-06,0
525,21,0,0,30,1,53,0,0,1,0,0,0,3.686641e-05,0
289,6,0,0,26,2,55,0,0,0,0,1,0,2.021532e-05,0
49,1,0,0,74,2,55,0,0,0,0,1,0,2.4659119e-05,0
257,2,0,0,37,2,42,0,0,1,0,0,0,0.00087845494,0
16,20,0,0,30,1,27,0,0,0,0,1,0,2.3107852e-05,0
11,17,0,0,35,3,65,0,1,0,0,0,0,2.1694004e-05,0
62,7,0,0,56,4,19,0,1,0,0,0,0,5.4107823e-06,0
131,16,0,1,67,2,50,0,0,0,1,0,0,2.8795102e-05,0
137,10,0,0,68,3,58,0,1,0,0,0,0,4.4619014e-06,0
54,4,0,0,44,3,50,0,0,0,1,0,0,4.8147754e-06,0
291,7,0,0,41,3,39,0,0,1,0,0,0,5.3749973e-06,0
104,18,0,0,30,3,65,0,0,1,0,0,0,1.9065285e-05,0
131,8,0,0,38,4,55,1,0,0,0,0,0,1.1800084e-05,0
286,15,0,1,26,1,39,0,0,0,1,0,0,0.002598815,0
288,12,0,1,46,2,52,1,0,0,0,0,0,2.7844222e-05,0
63,19,0,0,67,3,42,0,0,0,0,1,0,5.0441176e-06,0
201,20,0,0,32,3,20,0,0,0,1,0,0,2.4428497e-05,0
321,6,0,0,71,2,62,1,0,0,0,0,0,5.4229636e-06,0
40,5,0,0,54,2,39,1,0,0,0,0,0,5.533699e-06,0
124,23,0,0,57,1,35,0,1,0,0,0,0,5.53182e-06,0
127,17,0,0,82,1,46,0,0,0,0,1,0,5.4143493e-06,0
221,2,1,0,90,3,37,0,0,0,1,0,0,0.010511163,0
184,14,0,0,77,2,25,0,0,1,0,0,0,5.2758237e-06,0
328,12,0,0,32,1,56,0,1,0,0,0,0,1.6025044e-05,0
42,11,0,0,37,4,27,0,0,1,0,0,0,1.6886384e-05,0
172,0,0,1,41,1,45,1,0,0,0,0,0,0.0058433944,0
344,9,0,0,69,2,31,0,0,0,1,0,0,6.3761227e-06,0
296,22,0,0,59,5,50,0,0,0,0,1,0,0.000111671725,0
202,6,0,0,38,1,59,0,0,0,0,1,0,1.1906568e-05,0
118,6,0,0,49,2,54,0,0,0,1,0,0,4.8828792e-06,0
652,21,0,0,79,1,39,0,0,1,0,0,0,1.39717495e-05,0
188,6,0,0,67,3,33,1,0,0,0,0,0,4.5626616e-06,0
263,7,0,0,35,1,43,1,0,0,0,0,0,1.2760953e-05,0
53,7,0,1,63,3,55,0,0,0,1,0,0,3.4748125e-05,0
51,13,0,1,75,2,42,0,0,1,0,0,0,4.1117826e-05,0
26,22,0,0,54,1,43,0,1,0,0,0,0,5.615237e-06,0
550,8,0,0,58,4,56,0,0,0,1,0,0,7.17027e-06,0
209,5,1,0,57,2,56,0,0,0,0,1,0,4.0608942e-05,0
74,21,0,0,81,4,23,0,1,0,0,0,0,5.746847e-06,0
166,1,0,0,51,0,21,1,0,0,0,0,0,2.7432423e-05,0
103,13,0,0,69,2,22,0,0,0,1,0,0,5.246612e-06,0
228,4,0,0,61,1,58,1,0,0,0,0,0,4.4137396e-06,0
130,1,0,0,33,4,34,1,0,0,0,0,0,0.009712938,0
24,19,0,0,80,3,42,0,0,1,0,0,0,5.9642903e-06,0
862,9,0,1,91,1,38,0,0,1,0,0,0,0.0013615801,0
34,17,0,0,53,3,60,0,0,1,0,0,0,6.4670885e-06,0
78,3,0,1,28,2,35,0,0,0,1,0,1,0.9991648,1
40,11,0,0,67,2,33,0,1,0,0,0,0,5.490609e-06,0
273,23,0,0,52,3,50,0,0,1,0,0,0,7.0097717e-06,0
25,6,1,1,82,1,23,0,0,1,0,0,0,0.009570734,0
371,19,0,1,45,3,51,1,0,0,0,0,0,6.677024e-05,0
120,23,0,0,79,2,51,0,1,0,0,0,0,5.8672217e-06,0
154,15,0,0,46,3,23,1,0,0,0,0,0,4.7029453e-06,0
196,19,0,1,55,3,34,0,0,1,0,0,0,9.4275805e-05,0
211,9,0,0,87,3,41,0,1,0,0,0,0,4.3172518e-06,0
27,10,0,0,40,4,47,1,0,0,0,0,0,5.6463127e-06,0
89,13,1,0,25,1,55,0,1,0,0,0,0,0.0026161678,0
129,14,0,0,88,1,47,0,0,0,1,0,0,4.845111e-06,0
30,1,0,0,31,2,31,0,0,0,0,1,0,0.005565339,0
290,8,0,0,34,1,19,1,0,0,0,0,0,1.757733e-05,0
497,23,0,0,62,3,39,0,0,0,1,0,0,8.367454e-06,0
90,13,0,0,69,1,43,0,0,0,1,0,0,4.6146533e-06,0
102,16,0,0,55,1,63,0,0,0,0,1,0,7.646195e-06,0
137,16,0,0,72,4,48,0,1,0,0,0,0,4.280723e-06,0
96,13,1,0,69,2,45,0,1,0,0,0,0,1.3691144e-05,0
9,22,0,0,76,0,57,0,0,0,0,1,0,1.1235334e-05,0
163,7,0,0,89,2,41,0,0,0,1,0,0,4.6191885e-06,0
135,22,0,0,53,2,49,0,0,0,1,0,0,5.353532e-06,0
96,7,0,0,78,4,24,0,0,1,0,0,0,5.6699737e-06,0
569,1,1,1,49,2,41,0,0,1,0,0,1,0.98132735,1
228,7,0,0,98,4,61,0,0,0,0,1,0,6.9518264e-06,0
65,15,0,0,99,2,61,0,0,1,0,0,0,6.368909e-06,0
18,11,0,0,41,1,19,0,0,0,1,0,0,9.434564e-06,0
140,3,0,0,46,2,33,1,0,0,0,0,0,1.5272692e-05,0
141,18,0,0,70,5,37,1,0,0,0,0,0,4.3106567e-05,0
696,18,0,0,28,2,39,0,0,1,0,0,0,6.5302025e-05,0
47,13,0,0,93,1,55,0,0,1,0,0,0,5.361093e-06,0
340,1,1,0,29,1,31,0,0,1,0,0,1,0.999554,1
82,3,0,0,49,1,48,0,0,0,1,0,0,1.5430689e-05,0
352,19,0,0,59,2,50,0,0,0,0,1,0,7.120492e-06,0
236,13,0,0,54,2,54,0,1,0,0,0,0,4.3609784e-06,0
75,10,0,0,30,2,47,0,0,1,0,0,0,1.6285114e-05,0
112,13,0,0,26,2,69,0,0,0,0,1,0,1.8861276e-05,0
29,9,1,0,59,3,60,0,1,0,0,0,0,3.554279e-05,0
68,11,0,0,76,1,25,0,1,0,0,0,0,4.6470914e-06,0
188,20,0,0,56,3,64,0,1,0,0,0,0,6.016746e-06,0
84,5,0,0,86,1,22,0,0,0,0,1,0,5.809218e-06,0
101,7,1,0,44,1,26,0,0,1,0,0,0,2.5557225e-05,0
486,1,0,0,98,1,25,1,0,0,0,0,0,3.43866e-05,0
35,10,0,0,97,4,36,0,0,1,0,0,0,7.227858e-06,0
203,18,0,0,77,1,62,0,0,1,0,0,0,5.287222e-06,0
49,6,0,0,44,1,23,0,0,0,0,1,0,6.0772513e-06,0
391,14,0,1,57,1,32,0,0,0,1,0,0,4.3331886e-05,0
52,7,0,0,26,2,26,0,1,0,0,0,0,1.6759515e-05,0
69,10,0,0,52,4,18,0,0,0,1,0,0,7.3706174e-06,0
191,7,0,0,34,4,49,0,1,0,0,0,0,1.2241949e-05,0
601,0,1,0,89,1,57,0,0,0,0,1,0,0.09497406,0
230,17,0,0,41,3,68,1,0,0,0,0,0,6.224217e-06,0
116,9,0,0,42,1,24,0,1,0,0,0,0,5.2632904e-06,0
100,1,0,1,47,5,23,0,0,0,1,0,1,0.98447925,1
44,1,0,0,54,2,27,1,0,0,0,0,0,1.8171031e-05,0
243,19,0,0,92,3,55,0,0,0,1,0,0,6.233573e-06,0
2,20,1,0,50,2,63,0,0,0,1,0,0,4.7200603e-05,0
111,7,0,0,26,0,43,0,0,0,1,0,0,3.0198815e-05,0
179,23,0,0,49,3,25,0,0,0,1,0,0,6.6732205e-06,0
75,18,0,1,98,5,39,0,0,0,1,0,0,0.0045797015,0
32,4,0,0,90,3,33,0,0,1,0,0,0,6.167051e-06,0
54,17,0,0,31,3,69,0,0,0,1,0,0,2.2808827e-05,0
74,6,0,0,25,1,31,0,0,1,0,0,0,1.9983525e-05,0
209,0,0,0,67,3,54,1,0,0,0,0,0,1.4851407e-05,0
226,18,0,0,84,2,52,1,0,0,0,0,0,4.616005e-06,0
381,17,0,0,44,5,22,0,0,1,0,0,0,0.00017081201,0
102,14,0,0,62,1,25,0,0,0,0,1,0,5.0392805e-06,0
363,6,0,0,49,1,61,0,1,0,0,0,0,7.1833356e-06,0
382,15,1,0,91,2,53,0,0,0,1,0,0,7.312635e-05,0
80,8,0,0,66,5,53,1,0,0,0,0,0,5.5284996e-05,0
130,21,0,0,98,0,26,0,0,1,0,0,0,9.73051e-06,0
713,1,1,0,80,1,59,0,0,0,1,0,0,0.032093566,0
413,11,0,0,47,2,53,0,0,1,0,0,0,6.842418e-06,0
59,11,0,0,91,4,50,0,0,0,1,0,0,5.1116176e-06,0
222,8,0,0,55,3,28,0,1,0,0,0,0,5.1029333e-06,0
237,21,0,0,69,2,48,0,0,0,0,1,0,5.575127e-06,0
303,1,0,0,56,1,66,0,0,0,1,0,0,1.8698283e-05,0
13,11,0,0,96,2,30,0,0,0,0,1,0,8.385316e-06,0
149,7,0,0,39,0,41,1,0,0,0,0,0,1.0070377e-05,0
328,17,0,0,50,2,51,0,0,0,0,1,0,6.6029584e-06,0
26,20,1,0,83,1,47,1,0,0,0,0,0,3.074638e-05,0
100,13,0,1,32,2,20,0,0,0,1,0,0,0.004396144,0
146,23,0,0,48,0,41,0,0,1,0,0,0,6.6576913e-06,0
82,10,0,0,82,0,46,0,0,0,1,0,0,5.947449e-06,0
85,13,0,1,76,1,43,0,1,0,0,0,0,1.8517087e-05,0
125,20,0,0,33,3,19,0,0,1,0,0,0,2.4332472e-05,0
25,11,1,0,90,2,19,0,0,0,0,1,0,5.400794e-05,0
182,17,0,0,97,2,63,0,0,0,1,0,0,6.2413887e-06,0
178,17,0,0,89,2,59,0,0,0,0,1,0,6.1976216e-06,0
631,11,0,0,44,2,19,0,0,0,1,0,0,1.5044835e-05,0
62,14,0,0,65,3,21,0,0,0,0,1,0,5.9806766e-06,0
352,23,0,0,32,1,52,0,0,0,1,0,0,2.7465696e-05,0
241,15,0,0,88,4,27,0,0,0,1,0,0,6.3583857e-06,0
222,1,0,0,33,2,26,0,1,0,0,0,0,0.0042707785,0
119,0,0,0,32,1,40,0,0,1,0,0,0,0.011921547,0
103,18,0,0,58,2,62,0,0,0,0,1,0,5.739031e-06,0
428,15,0,0,70,1,68,0,0,0,0,1,0,9.953065e-06,0
257,6,0,0,35,0,22,0,0,1,0,0,0,4.14819e-05,0
128,13,0,1,73,4,40,0,0,0,1,0,0,2.9330191e-05,0
33,22,0,0,80,5,28,0,0,1,0,0,0,0.00012669015,0
130,21,1,1,53,3,58,0,0,1,0,0,0,0.010981504,0
270,23,0,0,96,5,48,0,0,1,0,0,0,0.00017779988,0
195,15,0,0,49,3,52,0,0,0,0,1,0,5.832833e-06,0
158,10,0,0,82,4,20,1,0,0,0,0,0,4.912318e-06,0
26,0,0,0,83,0,28,0,0,1,0,0,0,5.022513e-05,0
51,8,1,0,93,1,33,0,0,0,0,1,0,3.5268054e-05,0
154,18,0,0,60,2,44,0,0,1,0,0,0,4.159387e-06,0
7,13,0,0,90,2,57,0,0,0,0,1,0,8.600521e-06,0
119,20,0,0,88,1,62,1,0,0,0,0,0,5.783778e-06,0
353,16,0,0,58,3,52,0,1,0,0,0,0,5.364402e-06,0
498,2,0,0,62,1,39,0,0,0,1,0,0,1.911196e-05,0
315,21,0,0,86,2,54,0,0,0,1,0,0,6.352797e-06,0
51,2,0,0,27,3,49,1,0,0,0,0,0,0.004041863,0
28,5,0,0,47,4,33,1,0,0,0,0,0,5.760949e-06,0
123,1,0,0,91,3,40,1,0,0,0,0,0,2.0826461e-05,0
405,10,0,0,75,2,39,0,0,0,0,1,0,7.8394405e-06,0
84,6,0,0,95,2,27,0,0,1,0,0,0,5.3085178e-06,0
397,4,0,0,79,0,69,0,0,1,0,0,0,1.1882713e-05,0
55,13,0,0,48,1,53,0,0,1,0,0,0,4.8997936e-06,0
95,15,0,0,71,2,32,1,0,0,0,0,0,4.5666147e-06,0
28,1,1,1,52,4,27,0,0,0,0,1,1,0.9732562,1
45,18,0,0,50,4,65,0,0,0,1,0,0,6.273434e-06,0
65,9,0,0,46,2,20,0,0,0,1,0,0,5.923144e-06,0
154,3,0,0,26,3,21,1,0,0,0,0,0,0.0023691359,0
222,22,0,0,36,1,22,0,0,0,0,1,0,1.5121936e-05,0
17,17,1,1,30,2,29,1,0,0,0,0,1,0.99633276,1
704,21,0,0,58,1,24,0,0,0,1,0,0,1.8989454e-05,0
11,16,0,0,34,1,18,1,0,0,0,0,0,2.5553985e-05,0
130,6,0,0,66,0,26,0,0,0,0,1,0,7.1823015e-06,0
368,3,0,1,25,3,44,1,0,0,0,0,1,0.9992667,1
68,9,1,0,68,3,18,0,0,0,0,1,0,4.632294e-05,0
41,2,0,1,57,3,38,0,0,0,0,1,0,0.010557231,0
57,4,0,0,61,0,57,0,1,0,0,0,0,5.3864715e-06,0
78,15,0,0,53,2,38,0,0,1,0,0,0,4.6881505e-06,0
75,3,0,1,56,0,56,1,0,0,0,0,0,0.0013585098,0
91,0,0,0,93,4,28,1,0,0,0,0,0,2.654681e-05,0
289,8,1,0,60,0,27,0,0,1,0,0,0,4.924988e-05,0
22,22,0,0,57,1,67,0,1,0,0,0,0,7.027737e-06,0
17,6,0,0,41,1,47,0,0,0,0,1,0,7.496375e-06,0
112,4,0,0,50,3,37,1,0,0,0,0,0,4.9100186e-06,0
294,7,0,0,42,2,44,0,0,0,1,0,0,5.418141e-06,0
59,11,0,0,63,2,39,0,0,1,0,0,0,4.435403e-06,0
539,15,0,0,29,2,45,0,1,0,0,0,0,3.2683063e-05,0
164,14,0,0,31,0,40,0,0,0,0,1,0,1.4512264e-05,0
277,12,0,0,51,1,28,1,0,0,0,0,0,5.416544e-06,0
119,6,0,0,55,2,53,0,0,0,1,0,0,5.625834e-06,0
32,23,1,0,34,1,62,0,0,0,1,0,0,0.0059238877,0
100,12,0,0,83,0,66,1,0,0,0,0,0,7.6230417e-06,0
61,6,0,0,37,2,64,1,0,0,0,0,0,1.3153687e-05,0
74,23,0,0,44,1,45,0,0,0,0,1,0,6.3637235e-06,0
274,11,0,0,68,4,52,1,0,0,0,0,0,4.7020353e-06,0
409,14,0,0,73,3,55,0,1,0,0,0,0,6.49834e-06,0
507,19,0,0,42,3,66,0,0,0,0,1,0,1.448066e-05,0
58,0,0,0,99,3,32,0,0,0,1,0,0,5.022068e-05,0
292,12,0,1,35,3,32,0,0,1,0,0,0,0.0020944872,0
5,7,1,0,67,2,21,0,0,1,0,0,0,3.9268405e-05,0
131,17,0,1,70,1,37,0,0,0,1,0,0,2.4686953e-05,0
18,1,0,0,33,2,53,1,0,0,0,0,0,0.0039665727,0
51,19,0,0,87,6,43,0,1,0,0,0,0,4.716519e-05,0
356,13,0,0,67,0,44,0,0,1,0,0,0,6.86193e-06,0
25,13,0,0,90,2,19,1,0,0,0,0,0,7.0108354e-06,0
295,16,0,0,68,0,54,1,0,0,0,0,0,5.696608e-06,0
105,2,0,0,42,3,20,0,0,0,0,1,0,2.7633812e-05,0
77,5,0,0,81,3,46,0,0,0,1,0,0,4.7178146e-06,0
502,0,0,1,55,1,64,0,0,0,0,1,0,0.18485379,0
48,16,1,0,76,2,23,1,0,0,0,0,0,2.4837354e-05,0
173,10,0,0,73,4,32,0,1,0,0,0,0,4.368234e-06,0
59,1,0,0,66,1,44,0,0,1,0,0,0,1.5582278e-05,0
166,18,0,1,96,0,20,0,0,0,1,0,0,3.0326522e-05,0
225,15,0,0,97,2,66,0,0,0,1,0,0,7.1346644e-06,0
480,1,0,0,42,2,41,0,0,0,0,1,0,3.9976563e-05,0
77,12,1,0,45,2,24,0,0,1,0,0,0,2.9970903e-05,0
170,13,0,0,76,4,51,0,0,0,0,1,0,5.315955e-06,0
142,2,0,0,35,2,60,0,0,1,0,0,0,0.0011308726,0
364,16,0,0,72,2,42,0,0,1,0,0,0,7.627048e-06,0
132,22,0,0,94,1,49,1,0,0,0,0,0,5.4881066e-06,0
67,9,0,0,26,1,52,0,1,0,0,0,0,1.4638139e-05,0
297,16,0,0,30,2,63,1,0,0,0,0,0,1.7664779e-05,0
39,13,0,0,45,3,18,0,0,1,0,0,0,9.745666e-06,0
125,0,0,0,79,1,19,1,0,0,0,0,0,2.821319e-05,0
500,16,0,0,93,2,23,0,0,0,0,1,0,9.1077945e-06,0
49,13,0,0,79,1,49,0,0,0,0,1,0,5.576414e-06,0
94,12,0,0,60,0,29,0,0,0,1,0,0,7.883659e-06,0
60,10,1,0,98,2,29,0,0,1,0,0,0,6.135717e-05,0
322,22,0,0,61,2,25,0,0,0,0,1,0,6.607872e-06,0
272,4,0,0,65,3,22,0,0,0,0,1,0,6.184644e-06,0
53,3,0,0,46,2,35,0,0,1,0,0,0,1.5104827e-05,0
160,8,0,1,83,3,59,0,1,0,0,0,0,1.9488029e-05,0
53,3,0,1,36,5,45,1,0,0,0,0,1,0.99994516,1
405,4,1,0,69,2,29,0,0,1,0,0,0,6.864946e-05,0
299,22,1,0,95,4,57,1,0,0,0,0,0,4.93288e-05,0
18,15,0,0,45,1,60,1,0,0,0,0,0,5.8051746e-06,0
274,14,1,1,74,2,62,0,0,0,0,1,0,0.02625215,0
479,6,0,0,57,3,68,0,1,0,0,0,0,8.339126e-06,0
222,7,0,0,96,3,23,0,0,0,1,0,0,6.261307e-06,0
9,23,1,0,50,0,58,0,0,1,0,0,0,3.9285787e-05,0
37,6,1,0,83,4,30,0,0,0,0,1,0,9.0888505e-05,0
116,13,0,0,31,1,21,1,0,0,0,0,0,1.5745894e-05,0
110,10,0,0,45,3,68,1,0,0,0,0,0,5.8525966e-06,0
102,0,0,0,25,3,45,0,0,1,0,0,0,0.008232492,0
141,13,0,0,41,0,21,1,0,0,0,0,0,7.5219687e-06,0
381,17,1,0,83,1,53,0,0,1,0,0,0,6.937792e-05,0
197,16,0,0,38,3,26,1,0,0,0,0,0,1.213816e-05,0
53,3,0,0,89,1,23,1,0,0,0,0,0,1.340804e-05,0
978,8,0,1,42,0,23,0,0,0,0,1,0,0.004491727,0
123,19,0,0,56,2,28,0,0,0,1,0,0,5.453859e-06,0
635,1,0,0,58,1,53,1,0,0,0,0,0,4.1405467e-05,0
501,22,0,0,67,2,68,0,0,0,1,0,0,1.047232e-05,0
70,21,0,0,43,2,50,0,0,0,0,1,0,7.910644e-06,0
336,3,0,0,73,5,21,0,0,1,0,0,0,0.012215829,0
77,10,0,0,59,1,33,1,0,0,0,0,0,4.3168075e-06,0
211,11,0,0,28,3,30,0,0,0,0,1,0,1.52526345e-05,0
41,5,0,0,33,2,18,1,0,0,0,0,0,2.6231986e-05,0
3,22,1,0,29,1,25,0,1,0,0,0,0,0.003186639,0
19,1,1,0,44,5,67,0,1,0,0,0,1,0.9743611,1
437,3,1,0,30,3,53,0,0,0,0,1,1,0.99932456,1
38,4,0,0,35,3,66,0,1,0,0,0,0,2.375439e-05,0
714,12,0,0,81,2,64,0,0,0,1,0,0,1.9653164e-05,0
29,13,0,0,95,0,48,1,0,0,0,0,0,6.6028515e-06,0
60,16,1,0,56,3,65,0,1,0,0,0,0,3.1546195e-05,0
443,21,0,0,76,2,65,0,0,0,1,0,0,1.1156462e-05,0
37,3,0,0,46,4,58,0,0,0,1,0,0,1.9019231e-05,0
294,9,0,0,98,1,41,0,1,0,0,0,0,5.724251e-06,0
316,16,1,0,49,0,49,0,1,0,0,0,0,3.0905623e-05,0
28,18,0,0,73,3,54,0,0,1,0,0,0,5.4522266e-06,0
25,17,0,0,77,1,59,0,0,1,0,0,0,5.896924e-06,0
144,18,0,0,29,3,40,0,0,0,1,0,0,1.5000695e-05,0
55,15,0,0,46,0,51,0,0,0,1,0,0,6.026986e-06,0
65,9,0,0,27,5,36,0,1,0,0,0,0,0.0060912166,0
9,6,0,0,91,1,50,0,1,0,0,0,0,6.9604966e-06,0
149,15,0,0,55,4,52,0,0,1,0,0,0,5.144869e-06,0
33,19,0,0,39,5,30,0,0,0,1,0,0,0.012875058,0
351,22,0,1,96,2,25,1,0,0,0,0,0,6.353867e-05,0
372,10,0,0,34,3,29,0,0,1,0,0,0,2.2560758e-05,0
128,8,0,0,34,2,42,0,1,0,0,0,0,1.3937907e-05,0
149,10,0,0,69,3,57,0,0,1,0,0,0,4.3130503e-06,0
92,21,0,0,34,2,39,1,0,0,0,0,0,1.9338384e-05,0
129,20,0,0,27,2,62,1,0,0,0,0,0,2.0346373e-05,0
108,22,0,0,38,2,21,0,0,1,0,0,0,2.3660135e-05,0
37,8,0,0,63,1,66,0,1,0,0,0,0,6.8857853e-06,0
195,11,0,0,40,1,20,0,1,0,0,0,0,7.703754e-06,0
124,9,0,0,90,1,37,0,0,1,0,0,0,5.3548442e-06,0
3,21,0,0,61,3,44,0,0,0,0,1,0,8.071213e-06,0
314,6,0,0,93,4,32,0,0,1,0,0,0,5.9539643e-06,0
16,1,1,0,48,2,31,0,0,1,0,0,0,0.00802492,0
180,21,1,0,46,1,32,1,0,0,0,0,0,2.7871238e-05,0
1,12,0,1,64,3,62,0,1,0,0,0,0,6.836476e-05,0
1,4,1,0,99,3,65,0,0,0,1,0,0,0.00015349564,0
107,19,0,0,55,2,54,0,0,0,0,1,0,6.9004577e-06,0
541,2,0,0,64,3,19,0,1,0,0,0,0,2.5401981e-05,0
98,20,0,0,58,6,63,1,0,0,0,0,0,3.728347e-05,0
79,4,1,0,47,2,53,0,0,1,0,0,0,5.0415252e-05,0
154,19,0,0,55,2,38,0,1,0,0,0,0,5.0171075e-06,0
139,22,0,0,51,3,21,0,0,0,1,0,0,6.6076454e-06,0
229,23,0,0,76,4,18,1,0,0,0,0,0,8.494456e-06,0
243,23,0,0,44,6,66,0,1,0,0,0,0,0.00014715958,0
430,22,0,0,46,2,55,0,0,0,1,0,0,7.83258e-06,0
88,18,1,0,29,0,18,0,0,1,0,0,0,0.0029135426,0
120,0,0,0,84,0,35,0,0,1,0,0,0,4.9273935e-05,0
59,12,0,0,73,2,20,0,0,0,0,1,0,6.4774763e-06,0
108,17,0,0,49,0,42,0,1,0,0,0,0,5.5646256e-06,0
107,0,0,0,44,3,22,0,0,0,0,1,0,3.164315e-05,0
284,1,0,0,31,2,38,0,0,1,0,0,0,0.005065638,0
205,7,0,0,34,4,21,1,0,0,0,0,0,1.4729076e-05,0
62,19,0,0,54,1,24,0,0,0,1,0,0,5.888635e-06,0
52,21,0,0,62,3,57,0,1,0,0,0,0,5.070973e-06,0
1,15,0,0,56,3,61,0,0,0,1,0,0,7.897513e-06,0
26,9,0,0,91,2,56,0,0,1,0,0,0,5.973631e-06,0
103,7,0,0,66,2,52,0,0,1,0,0,0,4.6828823e-06,0
139,14,1,0,98,1,18,0,1,0,0,0,0,4.2062933e-05,0
33,19,0,0,46,0,32,0,0,0,0,1,0,8.5261245e-06,0
110,0,0,0,77,1,41,0,0,0,0,1,0,3.4778062e-05,0
544,19,0,0,73,2,66,0,0,1,0,0,0,1.1120962e-05,0
61,7,0,0,87,1,18,0,0,1,0,0,0,7.49804e-06,0
10,9,0,0,99,0,50,0,0,1,0,0,0,1.0588258e-05,0
35,10,0,0,68,2,18,0,0,1,0,0,0,9.413093e-06,0
56,6,1,0,61,1,26,0,0,1,0,0,0,2.9277764e-05,0
152,13,1,0,45,2,63,0,0,1,0,0,0,3.57713e-05,0
47,6,0,0,97,3,60,0,1,0,0,0,0,5.1627053e-06,0
140,4,0,0,70,2,42,0,0,0,0,1,0,4.719966e-06,0
472,4,0,0,50,1,34,0,0,1,0,0,0,6.944134e-06,0
178,19,0,0,25,3,53,0,0,0,0,1,0,2.0104926e-05,0
75,23,0,0,73,4,45,0,0,1,0,0,0,5.6415333e-06,0
91,7,0,0,43,3,22,1,0,0,0,0,0,6.636949e-06,0
480,0,0,0,35,3,54,0,0,0,0,1,0,0.0023053181,0
445,23,0,0,90,4,66,1,0,0,0,0,0,1.215528e-05,0
173,6,0,0,65,1,34,0,0,0,0,1,0,4.927492e-06,0
133,22,0,0,73,2,67,0,0,0,1,0,0,7.4425925e-06,0
50,6,0,0,38,3,55,1,0,0,0,0,0,1.3656783e-05,0
434,9,0,0,51,1,33,0,1,0,0,0,0,6.8597647e-06,0
145,18,0,1,39,4,50,0,0,0,1,0,0,0.0021365464,0
48,7,0,0,27,1,63,0,1,0,0,0,0,1.7688768e-05,0
36,14,1,0,75,2,69,1,0,0,0,0,0,4.3273045e-05,0
313,23,0,0,32,2,62,0,0,1,0,0,0,2.5736455e-05,0
101,12,0,0,27,1,65,1,0,0,0,0,0,1.706446e-05,0
146,4,0,0,51,8,51,1,0,0,0,0,0,9.2837785e-05,0
98,16,0,0,72,1,49,0,0,0,0,1,0,5.222446e-06,0
10,2,0,0,70,0,44,0,1,0,0,0,0,2.6275e-05,0
96,13,0,0,96,1,25,1,0,0,0,0,0,5.1102234e-06,0
51,13,0,0,74,1,67,0,0,0,0,1,0,6.879871e-06,0
169,14,0,0,45,2,22,0,1,0,0,0,0,4.6105843e-06,0
240,4,0,1,78,0,31,0,0,0,1,0,0,4.6788617e-05,0
117,20,0,1,69,5,36,0,0,0,1,0,0,0.004655181,0
147,18,0,1,65,6,42,1,0,0,0,0,0,0.005844328,0
490,17,0,0,42,1,51,0,1,0,0,0,0,6.9537364e-06,0
220,4,0,0,74,3,23,1,0,0,0,0,0,5.3489284e-06,0
106,21,1,0,67,2,47,0,0,1,0,0,0,2.118109e-05,0
101,23,0,0,34,6,53,0,0,0,0,1,0,0.008933643,0
88,17,0,0,55,1,37,0,0,0,0,1,0,6.0100765e-06,0
166,18,0,0,74,4,29,0,1,0,0,0,0,4.2303063e-06,0
229,3,1,0,47,2,31,0,0,0,1,0,0,0.0034531413,0
342,21,0,0,94,1,58,0,0,0,1,0,0,7.688495e-06,0
71,21,0,0,76,2,45,0,0,1,0,0,0,5.4033158e-06,0
45,8,0,0,45,3,46,0,1,0,0,0,0,4.3542796e-06,0
71,15,0,0,38,2,20,0,0,0,1,0,0,2.4309766e-05,0
140,2,0,0,40,2,26,0,0,0,0,1,0,3.0115816e-05,0
6,10,0,0,32,3,67,1,0,0,0,0,0,2.821233e-05,0
439,17,0,0,79,1,21,1,0,0,0,0,0,7.1186923e-06,0
20,15,0,0,58,1,25,0,1,0,0,0,0,5.56375e-06,0
339,21,0,1,45,4,21,0,1,0,0,0,0,5.3286458e-05,0
47,13,0,0,74,0,59,0,0,0,1,0,0,6.3370885e-06,0
176,15,0,0,60,1,60,1,0,0,0,0,0,4.6359805e-06,0
252,1,0,0,40,1,27,0,1,0,0,0,0,2.6476044e-05,0
14,22,0,0,95,2,37,0,0,0,0,1,0,8.995189e-06,0
155,6,0,0,87,3,38,0,0,1,0,0,0,4.7352946e-06,0
79,22,0,0,35,0,64,0,1,0,0,0,0,2.0929458e-05,0
46,15,0,0,89,2,56,0,1,0,0,0,0,5.8415226e-06,0
113,20,0,0,27,1,67,0,0,0,0,1,0,2.034979e-05,0
56,6,0,0,71,3,35,0,0,1,0,0,0,4.9526784e-06,0
113,11,0,0,54,2,44,0,0,1,0,0,0,4.727665e-06,0
79,16,0,0,63,0,22,0,1,0,0,0,0,6.7427763e-06,0
203,2,0,0,31,2,21,0,1,0,0,0,0,0.002363722,0
189,0,0,0,81,5,20,1,0,0,0,0,0,0.034955647,0
22,4,0,0,96,3,46,0,0,1,0,0,0,6.000644e-06,0
13,2,0,0,97,2,45,0,0,0,0,1,0,2.5014253e-05,0
54,15,1,0,41,5,47,0,1,0,0,0,0,0.006268756,0
107,7,0,0,49,4,69,0,0,0,1,0,0,6.8482536e-06,0
9,0,0,0,55,5,60,0,0,0,0,1,0,0.020300932,0
105,9,1,0,58,0,59,0,1,0,0,0,0,2.221309e-05,0
144,8,0,0,80,2,52,0,0,0,1,0,0,4.685415e-06,0
5,12,0,0,71,3,22,0,1,0,0,0,0,7.1748873e-06,0
39,7,0,0,42,3,68,1,0,0,0,0,0,8.144329e-06,0
205,18,0,0,78,3,63,1,0,0,0,0,0,5.9022013e-06,0
48,3,0,0,29,3,55,1,0,0,0,0,0,0.0041932003,0
259,3,1,0,85,1,35,1,0,0,0,0,0,0.0019147369,0
229,12,0,0,71,2,18,0,0,1,0,0,0,6.768689e-06,0
170,23,0,0,77,4,64,0,1,0,0,0,0,6.692021e-06,0
649,17,0,0,65,2,69,0,0,0,0,1,0,1.8582967e-05,0
47,15,0,0,71,0,62,0,0,0,0,1,0,7.2558632e-06,0
456,21,0,0,95,1,61,0,0,0,0,1,0,1.0176925e-05,0
10,14,0,0,61,2,26,1,0,0,0,0,0,6.826931e-06,0
158,1,0,0,51,1,49,0,0,0,1,0,0,1.6970835e-05,0
125,14,1,0,56,1,51,0,0,0,0,1,0,4.503583e-05,0
35,22,0,0,47,1,55,0,0,0,1,0,0,6.892947e-06,0
103,2,0,0,65,3,63,0,0,1,0,0,0,1.9730722e-05,0
116,17,0,0,87,4,21,0,0,1,0,0,0,5.335646e-06,0
337,15,0,0,79,0,25,0,0,1,0,0,0,8.277703e-06,0
156,1,0,0,28,3,38,0,1,0,0,0,0,0.0068898597,0
124,1,0,0,45,2,50,0,1,0,0,0,0,1.9226414e-05,0
198,17,0,1,98,1,54,0,0,0,0,1,0,4.9643328e-05,0
474,7,0,0,41,1,69,0,0,0,0,1,0,1.3272412e-05,0
421,22,1,0,79,3,18,0,0,1,0,0,0,7.960572e-05,0
24,19,1,0,29,2,65,0,0,1,0,0,0,0.013954359,0
0,22,0,0,34,1,46,0,0,0,1,0,0,3.696188e-05,0
458,5,0,0,39,1,57,0,0,0,0,1,0,1.7216265e-05,0
301,5,0,0,73,0,50,0,0,0,0,1,0,7.376215e-06,0
630,7,0,1,51,1,30,1,0,0,0,0,0,0.000116453026,0
19,1,0,0,49,1,20,0,0,0,0,1,0,3.6477144e-05,0
12,21,0,0,34,1,65,1,0,0,0,0,0,3.0568768e-05,0
58,3,0,0,97,0,28,0,0,0,0,1,0,2.890267e-05,0
429,13,0,0,33,4,18,1,0,0,0,0,0,2.2137572e-05,0
147,16,0,0,90,1,62,0,0,0,1,0,0,5.3411245e-06,0
99,23,0,0,42,2,48,0,1,0,0,0,0,5.8615897e-06,0
114,22,0,0,51,5,45,0,0,0,0,1,0,6.0316182e-05,0
197,4,0,0,67,0,23,0,0,1,0,0,0,7.873374e-06,0
479,17,0,0,85,0,54,0,1,0,0,0,0,8.60771e-06,0
28,8,0,0,61,2,54,0,0,1,0,0,0,5.271961e-06,0
154,21,0,0,27,5,61,0,0,1,0,0,0,0.015100274,0
366,0,0,0,27,0,44,0,0,0,1,0,0,0.029629814,0
131,4,0,1,96,7,26,1,0,0,0,0,0,0.08628014,0
164,19,0,0,46,4,19,0,0,0,1,0,0,5.542973e-06,0
509,19,0,0,80,0,49,0,0,0,0,1,0,1.0387981e-05,0
189,23,0,0,82,1,27,0,0,0,0,1,0,7.098301e-06,0
221,1,0,0,80,1,38,0,0,0,1,0,0,1.7731143e-05,0
283,5,0,0,61,1,68,0,0,1,0,0,0,6.781107e-06,0
47,9,1,0,36,4,37,0,0,1,0,0,0,0.020057768,0
351,23,0,0,32,0,24,0,1,0,0,0,0,5.1897056e-05,0
10,22,0,0,37,3,64,0,0,0,0,1,0,2.2447037e-05,0
27,9,0,0,30,1,45,1,0,0,0,0,0,1.894839e-05,0
128,15,0,0,48,1,24,1,0,0,0,0,0,4.8804814e-06,0
208,12,0,0,67,0,47,0,0,1,0,0,0,5.314201e-06,0
222,0,0,0,33,2,60,0,0,0,0,1,0,0.0029720059,0
55,1,0,0,59,0,61,0,0,0,0,1,0,3.3736516e-05,0
157,22,0,0,89,4,28,0,0,0,0,1,0,6.349066e-06,0
119,9,0,0,47,3,34,0,0,0,0,1,0,5.494889e-06,0
272,13,0,0,47,2,45,0,0,0,0,1,0,5.583896e-06,0
180,15,0,0,73,5,47,1,0,0,0,0,0,6.8148074e-05,0
87,21,0,0,83,2,57,0,0,0,1,0,0,5.661205e-06,0
16,2,0,0,59,2,64,0,0,1,0,0,0,2.0307856e-05,0
250,8,0,0,66,1,57,0,0,1,0,0,0,5.226352e-06,0
301,7,0,0,74,2,55,0,0,1,0,0,0,5.244531e-06,0
79,21,1,0,38,0,68,0,1,0,0,0,0,0.004053356,0
163,20,0,0,36,3,37,0,0,0,1,0,0,1.6218253e-05,0
166,10,0,0,95,1,30,0,0,1,0,0,0,5.059433e-06,0
334,15,0,0,37,6,44,1,0,0,0,0,0,0.008565702,0
46,16,1,0,90,1,21,0,1,0,0,0,0,1.964471e-05,0
193,23,0,0,69,2,63,0,0,1,0,0,0,7.09355e-06,0
111,13,0,1,69,1,29,0,0,0,1,0,0,2.2879782e-05,0
174,9,0,0,54,2,46,0,0,0,1,0,0,4.459077e-06,0
264,23,0,0,29,1,52,0,0,0,1,0,0,2.7749877e-05,0
189,5,0,0,67,0,39,0,0,0,1,0,0,5.7286306e-06,0
94,6,0,0,39,4,29,0,0,1,0,0,0,1.3704861e-05,0
97,19,0,0,77,0,54,0,0,1,0,0,0,6.4599935e-06,0
95,3,0,0,71,3,20,0,1,0,0,0,0,1.4684503e-05,0
31,4,0,0,88,4,69,0,1,0,0,0,0,7.0066703e-06,0
93,6,0,0,53,1,27,0,1,0,0,0,0,4.6312525e-06,0
51,23,1,0,32,3,54,1,0,0,0,0,0,0.0059636827,0
79,3,0,0,76,4,64,0,1,0,0,0,0,1.4062368e-05,0
193,22,1,0,40,4,53,0,0,0,0,1,0,0.00027089828,0
264,21,0,0,25,0,56,0,1,0,0,0,0,3.1890475e-05,0
150,4,0,0,61,0,35,0,1,0,0,0,0,5.628641e-06,0
351,11,1,1,76,2,21,0,0,0,1,0,0,0.015437838,0
1038,18,0,0,65,0,48,0,1,0,0,0,0,0.00042979437,0
101,22,0,0,25,1,42,0,0,1,0,0,0,2.4104611e-05,0
15,1,0,0,36,3,23,0,1,0,0,0,0,0.0056710853,0
483,13,0,0,67,4,68,0,0,0,0,1,0,9.9073995e-06,0
61,2,0,0,43,3,55,1,0,0,0,0,0,1.7975135e-05,0
46,15,0,0,39,4,44,0,0,1,0,0,0,1.1931279e-05,0
131,9,0,0,89,3,24,0,0,0,1,0,0,5.736979e-06,0
305,4,0,0,80,3,18,0,0,0,0,1,0,8.2877905e-06,0
67,6,0,0,90,4,45,1,0,0,0,0,0,4.649622e-06,0
311,10,1,0,26,1,36,0,0,0,0,1,0,0.0044336813,0
168,13,0,0,34,2,42,1,0,0,0,0,0,1.0198123e-05,0
169,5,0,0,98,3,58,0,0,0,1,0,0,5.7703296e-06,0
111,6,0,0,64,4,29,1,0,0,0,0,0,4.3724476e-06,0
157,0,0,0,94,3,45,0,0,0,0,1,0,2.2560649e-05,0
143,1,0,0,85,0,50,0,0,0,1,0,0,2.1555546e-05,0
55,4,0,0,79,0,49,0,0,0,0,1,0,6.881807e-06,0
177,18,0,0,53,2,61,0,0,0,1,0,0,5.1951642e-06,0
182,10,0,0,59,3,68,0,0,0,0,1,0,6.5021336e-06,0
40,5,0,0,71,3,60,0,0,0,1,0,0,6.429968e-06,0
150,19,1,0,94,1,33,0,0,1,0,0,0,2.5740528e-05,0
527,21,0,0,44,2,45,0,1,0,0,0,0,7.290397e-06,0
237,10,0,0,66,1,45,1,0,0,0,0,0,4.0739305e-06,0
186,23,0,0,78,0,65,1,0,0,0,0,0,9.623917e-06,0
129,5,0,0,70,2,33,0,1,0,0,0,0,4.6254745e-06,0
542,11,0,0,47,1,26,1,0,0,0,0,0,6.7861465e-06,0
755,7,0,0,42,3,68,0,0,1,0,0,0,3.149185e-05,0
26,4,0,0,35,2,42,1,0,0,0,0,0,1.9802617e-05,0
225,8,0,0,73,5,39,0,0,1,0,0,0,0.00013100644,0
22,12,0,0,41,2,25,0,0,0,0,1,0,7.454989e-06,0
4,4,0,0,54,0,58,0,0,0,0,1,0,1.1120081e-05,0
122,4,0,0,89,3,35,0,1,0,0,0,0,5.020841e-06,0
141,19,0,0,82,4,31,1,0,0,0,0,0,4.735417e-06,0
112,5,0,1,55,1,53,0,1,0,0,0,0,3.9290655e-05,0
10,18,0,0,86,0,22,0,1,0,0,0,0,1.0384278e-05,0
273,0,0,0,99,2,67,0,0,0,1,0,0,3.417473e-05,0
195,23,0,1,26,2,30,0,0,0,1,0,0,0.008836786,0
180,23,0,0,69,4,62,0,0,0,0,1,0,7.0657406e-06,0
4,11,0,0,95,1,24,0,1,0,0,0,0,8.107488e-06,0
292,18,1,0,53,1,60,0,0,0,1,0,0,3.9816423e-05,0
30,13,0,0,90,2,46,1,0,0,0,0,0,5.3588083e-06,0
364,1,1,0,69,1,46,0,0,0,1,0,0,0.0105889365,0
69,3,0,0,93,2,31,0,0,0,0,1,0,1.6018352e-05,0
491,12,0,0,59,4,26,0,1,0,0,0,0,6.3590223e-06,0
74,4,0,0,88,1,56,0,1,0,0,0,0,4.5255492e-06,0
72,21,0,0,88,3,50,1,0,0,0,0,0,5.284525e-06,0
263,22,0,0,57,5,34,0,0,0,1,0,0,0.00014338219,0
129,20,0,0,42,4,29,0,0,0,0,1,0,6.8339205e-06,0
128,13,0,0,83,1,65,0,0,1,0,0,0,6.540444e-06,0
139,15,0,1,81,2,53,0,0,0,0,1,0,3.621974e-05,0
973,2,0,0,95,3,40,1,0,0,0,0,0,0.0009844913,0
3,18,0,0,65,5,54,0,0,1,0,0,0,5.8563226e-05,0
384,6,0,0,63,2,63,1,0,0,0,0,0,7.313629e-06,0
70,14,0,0,48,0,19,0,0,1,0,0,0,8.1175685e-06,0
9,4,0,0,98,0,28,0,0,1,0,0,0,1.2514019e-05,0
218,16,1,0,35,3,67,0,0,0,1,0,0,0.008313097,0
45,16,0,0,71,3,68,0,1,0,0,0,0,5.6925837e-06,0
111,19,0,0,67,3,66,0,1,0,0,0,0,6.2137483e-06,0
254,22,0,0,66,1,27,1,0,0,0,0,0,5.75761e-06,0
209,16,0,0,81,2,56,0,0,0,1,0,0,4.8621314e-06,0
116,14,0,0,33,1,57,0,0,0,1,0,0,1.5871812e-05,0
169,23,0,0,58,4,26,1,0,0,0,0,0,5.1634784e-06,0
131,16,0,0,38,3,22,0,0,1,0,0,0,1.53526e-05,0
103,18,0,0,97,0,62,0,0,1,0,0,0,7.066852e-06,0
81,6,1,0,71,5,37,0,0,0,0,1,0,0.09738713,0
278,10,0,0,85,1,25,0,0,0,0,1,0,6.255762e-06,0
192,18,0,0,81,0,56,1,0,0,0,0,0,5.771975e-06,0
25,20,0,0,57,1,59,0,0,1,0,0,0,5.908419e-06,0
69,23,0,0,48,1,49,0,1,0,0,0,0,5.1611305e-06,0
283,9,0,0,92,2,27,1,0,0,0,0,0,5.4902375e-06,0
167,3,0,0,82,2,37,1,0,0,0,0,0,1.1315767e-05,0
33,17,0,0,45,3,31,0,0,1,0,0,0,5.588728e-06,0
257,8,0,0,43,2,66,1,0,0,0,0,0,8.017467e-06,0
171,0,0,0,79,0,69,0,1,0,0,0,0,2.7992919e-05,0
147,14,0,0,64,4,32,0,0,0,0,1,0,4.838047e-06,0
39,15,0,0,95,3,44,0,0,1,0,0,0,6.352276e-06,0
715,2,0,0,95,1,29,0,0,0,0,1,0,0.00085957855,0
226,21,0,0,98,1,64,0,1,0,0,0,0,7.5115095e-06,0
201,9,0,0,70,3,20,0,0,1,0,0,0,5.4036404e-06,0
163,0,0,0,47,2,48,0,0,0,1,0,0,1.8883089e-05,0
395,1,0,0,38,5,41,0,0,0,1,0,1,0.9988888,1
52,4,0,0,54,1,38,0,0,0,1,0,0,4.832435e-06,0
65,11,1,0,83,3,39,0,0,0,0,1,0,3.88173e-05,0
158,22,0,0,68,2,18,0,0,0,1,0,0,7.1935847e-06,0
310,10,0,0,35,1,34,0,0,0,1,0,0,1.8715658e-05,0
125,0,0,0,76,1,32,0,0,0,1,0,0,3.2684682e-05,0
480,18,0,0,96,3,47,0,0,0,0,1,0,8.3932755e-06,0
87,8,0,0,33,1,32,0,0,1,0,0,0,1.5822241e-05,0
241,2,0,0,28,0,50,1,0,0,0,0,0,0.005055756,0
294,14,0,1,86,2,41,0,0,1,0,0,0,4.2237225e-05,0
120,8,0,0,92,1,52,1,0,0,0,0,0,4.947698e-06,0
84,9,0,0,28,1,24,1,0,0,0,0,0,1.6064629e-05,0
203,9,0,0,58,2,48,0,0,0,1,0,0,4.22929e-06,0
57,10,0,0,42,2,49,0,0,0,1,0,0,4.925871e-06,0
185,9,0,0,88,0,29,1,0,0,0,0,0,7.3164683e-06,0
19,21,0,0,44,3,23,0,0,0,1,0,0,8.736325e-06,0
250,7,0,0,56,5,53,1,0,0,0,0,0,0.0001747395,0
104,9,0,0,99,3,34,0,0,1,0,0,0,6.5580443e-06,0
414,0,0,0,44,3,19,0,1,0,0,0,0,3.076063e-05,0
54,23,0,0,93,3,27,0,0,0,0,1,0,7.7531495e-06,0
52,13,0,0,72,2,29,1,0,0,0,0,0,4.703551e-06,0
228,4,0,0,39,1,64,0,0,0,1,0,0,1.4914596e-05,0
44,3,0,0,68,1,45,0,1,0,0,0,0,1.008942e-05,0
63,15,0,0,40,2,64,0,0,0,1,0,0,7.042887e-06,0
77,8,0,0,72,3,33,0,0,0,0,1,0,5.262081e-06,0
221,7,0,0,78,2,40,0,1,0,0,0,0,4.740401e-06,0
255,18,0,0,39,2,44,0,0,1,0,0,0,1.2421691e-05,0
81,23,0,0,69,2,47,0,1,0,0,0,0,4.985005e-06,0
304,4,0,0,30,1,56,0,0,0,1,0,0,3.380808e-05,0
17,12,0,0,65,0,35,0,0,1,0,0,0,7.837736e-06,0
28,17,1,0,90,0,25,0,0,1,0,0,0,4.0453175e-05,0
211,14,0,0,96,1,23,0,1,0,0,0,0,5.4268335e-06,0
621,9,0,0,73,3,60,0,1,0,0,0,0,1.2084348e-05,0
1,8,0,0,58,2,67,0,0,0,1,0,0,9.940325e-06,0
10,0,0,1,59,3,43,0,0,0,1,0,0,0.009293776,0
271,11,1,0,54,0,65,0,0,0,0,1,0,7.856702e-05,0
133,8,0,1,25,2,30,0,0,0,1,0,0,0.0034823865,0
76,4,0,0,62,1,43,1,0,0,0,0,0,4.064396e-06,0
49,9,0,0,44,1,33,0,0,0,0,1,0,5.54895e-06,0
128,7,0,0,33,5,25,0,0,1,0,0,0,0.010315045,0
296,14,0,0,99,3,63,0,0,1,0,0,0,8.311908e-06,0
7,11,0,1,29,4,41,0,0,0,0,1,0,0.028222458,0
70,16,0,0,28,2,69,0,1,0,0,0,0,1.876658e-05,0
111,0,0,0,77,1,60,0,1,0,0,0,0,2.8829007e-05,0
4,20,0,0,44,1,49,0,0,1,0,0,0,7.2304088e-06,0
29,23,0,0,59,1,42,0,0,0,1,0,0,6.0660873e-06,0
151,21,0,0,71,2,38,1,0,0,0,0,0,4.7461635e-06,0
237,15,0,0,62,0,35,0,1,0,0,0,0,5.926613e-06,0
194,22,0,0,48,2,54,0,0,0,1,0,0,5.5815804e-06,0
64,13,0,0,92,1,67,0,1,0,0,0,0,6.0837397e-06,0
109,21,0,0,88,3,23,0,1,0,0,0,0,5.701309e-06,0
15,23,0,0,90,5,60,0,1,0,0,0,0,9.774961e-05,0
63,8,0,1,97,2,23,0,1,0,0,0,0,3.4723016e-05,0
14,15,0,0,78,1,20,0,0,1,0,0,0,8.882495e-06,0
24,18,0,0,62,2,37,0,0,1,0,0,0,5.4017237e-06,0
497,8,0,0,61,1,23,0,0,0,1,0,0,7.600632e-06,0
124,5,0,0,78,0,63,0,0,0,0,1,0,8.908989e-06,0
43,12,0,0,47,3,63,0,0,1,0,0,0,5.936914e-06,0
188,18,0,0,29,2,34,0,0,0,0,1,0,1.6643704e-05,0
49,13,0,0,78,2,56,0,0,1,0,0,0,5.5843593e-06,0
143,11,0,0,30,2,62,0,1,0,0,0,0,1.3406978e-05,0
318,7,0,0,89,0,43,0,0,0,1,0,0,6.913704e-06,0
13,15,0,0,77,3,66,0,1,0,0,0,0,8.121974e-06,0
253,5,0,0,42,0,36,0,0,0,0,1,0,9.58958e-06,0
234,21,0,0,53,2,48,1,0,0,0,0,0,4.91867e-06,0
40,4,0,0,69,3,32,0,0,0,1,0,0,6.455436e-06,0
12,6,0,0,72,0,50,1,0,0,0,0,0,8.312391e-06,0
287,11,0,0,72,1,68,0,1,0,0,0,0,6.227874e-06,0
64,22,0,0,55,4,34,0,0,0,0,1,0,6.550556e-06,0
160,18,0,0,31,0,39,1,0,0,0,0,0,1.5302652e-05,0
15,20,0,0,84,1,66,0,0,0,1,0,0,9.586389e-06,0
166,23,0,0,97,5,49,0,0,0,1,0,0,6.5185995e-05,0
139,14,0,0,68,6,44,0,1,0,0,0,0,3.958657e-05,0
194,22,0,0,46,2,51,0,0,1,0,0,0,5.609933e-06,0
406,14,0,0,57,1,36,0,0,0,1,0,0,7.4035447e-06,0
203,17,0,0,69,5,69,0,0,0,0,1,0,6.0735038e-05,0
308,14,0,0,92,1,25,1,0,0,0,0,0,5.563241e-06,0
52,6,1,0,30,0,67,1,0,0,0,0,0,0.0038185387,0
124,22,0,1,29,3,65,0,0,1,0,0,0,0.027899733,0
87,4,0,0,42,1,53,1,0,0,0,0,0,5.1210395e-06,0
19,10,0,0,40,2,25,0,0,1,0,0,0,8.242083e-06,0
24,16,0,0,90,3,23,0,0,0,0,1,0,7.1186514e-06,0
21,7,0,0,96,3,49,0,0,0,1,0,0,6.2245012e-06,0
415,12,1,0,87,2,48,0,0,0,0,1,0,8.746045e-05,0
1,20,0,0,61,2,21,1,0,0,0,0,0,1.0033317e-05,0
219,3,0,0,68,0,34,0,0,0,0,1,0,1.8502895e-05,0
51,21,0,0,40,4,41,0,0,1,0,0,0,6.3307884e-06,0
107,21,1,1,69,3,40,0,1,0,0,0,0,0.001308296,0
124,7,0,0,85,2,20,1,0,0,0,0,0,5.1154457e-06,0
398,0,1,0,95,1,27,1,0,0,0,0,0,0.010621374,0
138,6,0,0,36,1,57,0,0,1,0,0,0,1.3200585e-05,0
369,4,0,0,39,0,35,1,0,0,0,0,0,3.300665e-05,0
410,18,0,0,57,0,45,1,0,0,0,0,0,6.9876464e-06,0
51,12,0,0,27,7,25,0,0,0,1,0,0,0.003892877,0
0,20,0,0,43,1,36,0,0,0,0,1,0,1.1692579e-05,0
630,18,0,0,30,4,25,1,0,0,0,0,0,4.819204e-05,0
81,2,1,0,90,1,29,0,1,0,0,0,0,0.0028771728,0
173,15,0,0,35,1,61,0,0,1,0,0,0,1.096419e-05,0
127,13,0,0,52,3,42,0,0,1,0,0,0,4.727665e-06,0
43,20,0,0,72,2,61,0,0,0,1,0,0,5.6289737e-06,0
149,21,0,0,54,2,43,0,0,0,1,0,0,4.926952e-06,0
14,17,0,0,52,5,41,0,1,0,0,0,0,8.0265694e-05,0
47,8,0,0,64,4,46,1,0,0,0,0,0,4.253482e-06,0
84,20,0,0,52,2,54,1,0,0,0,0,0,4.8513393e-06,0
110,14,0,0,25,5,61,0,0,0,0,1,0,0.0068665994,0
117,13,0,0,49,0,42,0,0,0,0,1,0,6.3409757e-06,0
54,13,0,0,91,2,27,0,1,0,0,0,0,5.0459794e-06,0
241,6,0,0,33,3,65,0,0,0,1,0,0,2.4726209e-05,0
40,3,1,0,34,1,36,0,1,0,0,0,1,0.995884,1
135,22,0,0,48,4,31,0,0,1,0,0,0,5.472219e-06,0
347,23,0,0,61,2,52,0,0,0,1,0,0,7.4313302e-06,0
148,11,0,0,68,2,40,0,0,1,0,0,0,4.159387e-06,0
278,5,0,0,35,1,21,0,0,0,1,0,0,2.2484252e-05,0
213,0,0,0,90,3,48,0,0,0,0,1,0,2.2336297e-05,0
205,8,0,0,48,2,66,0,1,0,0,0,0,5.7276256e-06,0
65,18,0,0,50,3,26,0,0,0,0,1,0,5.275557e-06,0
178,5,0,0,55,2,19,0,0,0,1,0,0,6.8060895e-06,0
71,21,0,0,33,3,53,1,0,0,0,0,0,1.5909742e-05,0
102,1,0,0,77,3,63,0,1,0,0,0,0,1.7547967e-05,0
53,17,0,0,68,1,37,1,0,0,0,0,0,4.435699e-06,0
116,5,0,0,68,4,55,0,0,1,0,0,0,4.740211e-06,0
86,16,0,1,45,4,22,0,0,1,0,0,0,4.1025745e-05,0
20,13,0,1,79,1,64,1,0,0,0,0,0,5.022786e-05,0
11,8,0,0,58,1,46,0,0,1,0,0,0,6.3800217e-06,0
182,4,0,0,81,2,64,0,0,1,0,0,0,6.187199e-06,0
157,2,0,0,99,1,39,1,0,0,0,0,0,1.5938855e-05,0
77,9,0,0,80,1,23,0,0,0,1,0,0,5.578041e-06,0
142,6,0,0,72,3,21,1,0,0,0,0,0,4.7813814e-06,0
195,7,0,0,58,2,47,0,0,1,0,0,0,4.5238794e-06,0
156,9,0,0,46,2,60,0,0,0,1,0,0,4.6127216e-06,0
76,22,0,0,71,3,25,1,0,0,0,0,0,5.2199216e-06,0
607,23,0,0,86,2,64,0,0,0,1,0,0,1.9584293e-05,0
201,5,0,0,59,4,20,1,0,0,0,0,0,4.9354358e-06,0
29,0,0,0,47,4,35,0,0,0,0,1,0,3.5108227e-05,0
109,6,0,0,53,4,28,1,0,0,0,0,0,4.535785e-06,0
4,7,0,0,92,3,40,0,0,1,0,0,0,7.332555e-06,0
605,16,0,0,92,3,36,0,0,1,0,0,0,1.2443983e-05,0
280,16,0,0,38,1,48,0,0,0,1,0,0,1.3864001e-05,0
90,1,0,0,90,3,59,0,1,0,0,0,0,1.7569704e-05,0
212,4,1,0,91,0,31,0,0,0,1,0,0,3.1584546e-05,0
24,2,0,0,69,1,33,0,0,0,1,0,0,1.6430753e-05,0
4,11,0,0,35,0,29,0,1,0,0,0,0,4.5888235e-05,0
81,21,0,0,31,5,62,1,0,0,0,0,0,0.008327662,0
17,21,0,0,39,2,25,0,0,0,0,1,0,1.9546378e-05,0
63,19,1,0,51,6,69,1,0,0,0,0,0,0.007939508,0
148,0,0,0,38,0,59,0,0,0,0,1,0,0.001895635,0
257,4,0,0,42,2,34,1,0,0,0,0,0,6.116329e-06,0
243,6,0,0,79,0,28,0,1,0,0,0,0,8.4653675e-06,0
203,5,0,0,72,2,69,0,0,0,1,0,0,6.711022e-06,0
87,1,0,0,61,3,60,0,0,0,0,1,0,2.7834558e-05,0
2,8,1,0,30,0,54,0,0,0,1,0,0,0.006352557,0
708,8,0,1,58,1,50,0,1,0,0,0,0,0.00024328157,0
182,6,0,0,70,0,43,0,0,0,0,1,0,6.1166847e-06,0
53,18,0,0,39,2,63,0,0,1,0,0,0,1.3508484e-05,0
112,16,1,0,75,2,45,0,0,0,1,0,0,2.0287067e-05,0
197,14,0,0,25,1,33,0,0,0,1,0,0,2.9361421e-05,0
96,11,0,0,52,1,37,0,0,0,1,0,0,5.043213e-06,0
191,11,0,0,97,2,61,1,0,0,0,0,0,5.130591e-06,0
97,14,0,0,73,2,52,0,0,1,0,0,0,4.8430047e-06,0
31,7,0,0,62,2,26,0,0,0,1,0,0,5.73577e-06,0
175,22,0,0,99,3,35,0,0,0,1,0,0,8.165544e-06,0
96,23,0,0,85,5,34,0,0,0,1,0,0,5.7893896e-05,0
198,14,0,0,37,0,45,1,0,0,0,0,0,1.2815626e-05,0
820,14,1,0,98,3,66,0,0,0,0,1,0,0.0020996141,0
20,21,0,0,73,4,66,0,0,1,0,0,0,8.687912e-06,0
1053,16,0,0,84,0,51,0,1,0,0,0,0,0.0005241303,0
109,20,0,0,57,0,38,0,0,1,0,0,0,6.4243045e-06,0
85,15,0,0,62,1,28,0,0,1,0,0,0,4.6330506e-06,0
185,14,0,0,64,2,45,0,0,0,1,0,0,4.441803e-06,0
292,15,0,0,96,0,60,0,0,0,0,1,0,8.303961e-06,0
85,9,0,1,37,1,50,0,0,0,0,1,0,0.0024802173,0
80,23,0,0,68,4,34,0,0,1,0,0,0,5.831993e-06,0
239,1,0,0,77,2,44,0,0,0,0,1,0,1.7366305e-05,0
56,4,0,0,86,0,36,0,0,1,0,0,0,6.8191553e-06,0
64,6,0,0,60,1,65,0,1,0,0,0,0,5.429453e-06,0
123,20,0,0,54,3,62,0,1,0,0,0,0,5.5346068e-06,0
184,13,0,0,33,2,47,0,1,0,0,0,0,1.1331533e-05,0
152,10,0,0,60,4,40,0,0,0,1,0,0,4.0807895e-06,0
180,3,1,1,33,2,33,0,0,1,0,0,1,0.9999341,1
3,13,0,0,89,4,66,0,0,0,1,0,0,9.96144e-06,0
6,23,0,0,77,1,65,0,1,0,0,0,0,9.599489e-06,0
16,15,0,0,39,1,53,0,0,0,0,1,0,1.3826713e-05,0
168,9,0,0,79,3,29,1,0,0,0,0,0,4.549431e-06,0
154,23,0,0,60,4,56,0,0,1,0,0,0,5.4117218e-06,0
171,13,0,0,82,3,48,1,0,0,0,0,0,4.4115554e-06,0
40,6,0,0,97,6,31,1,0,0,0,0,0,6.1986386e-05,0
121,8,0,0,96,2,40,0,0,1,0,0,0,5.1157967e-06,0
44,9,0,0,53,5,62,0,0,0,1,0,0,5.5139044e-05,0
497,15,0,0,93,2,68,0,0,0,1,0,0,1.05234285e-05,0
26,2,0,0,31,2,25,0,0,1,0,0,0,0.0027615263,0
58,10,0,1,31,1,41,0,0,0,0,1,0,0.011978495,0
165,19,0,0,37,0,68,0,0,0,0,1,0,1.3938293e-05,0
24,11,0,0,61,2,46,0,0,1,0,0,0,5.161908e-06,0
129,15,0,0,45,0,32,0,0,0,1,0,0,6.8836775e-06,0
170,4,0,0,80,4,29,0,1,0,0,0,0,4.6822347e-06,0
4,3,0,0,52,2,21,0,0,0,0,1,0,2.449281e-05,0
73,4,0,0,69,2,69,0,0,0,1,0,0,6.487182e-06,0
74,20,0,0,62,4,35,0,0,0,0,1,0,5.640263e-06,0
38,3,0,0,38,3,60,1,0,0,0,0,0,0.0009237169,0
80,5,0,0,52,2,68,0,0,1,0,0,0,6.3011053e-06,0
46,16,0,0,85,2,26,0,0,0,1,0,0,6.6813586e-06,0
182,3,0,0,39,3,68,0,0,0,0,1,0,0.00029189946,0
486,14,0,0,57,1,65,0,0,0,1,0,0,8.775924e-06,0
104,19,0,0,69,2,41,0,0,1,0,0,0,4.7790563e-06,0
508,0,0,0,41,2,53,0,0,0,0,1,0,7.616819e-05,0
51,16,0,1,64,2,39,0,0,0,1,0,0,3.502783e-05,0
456,4,0,0,43,2,47,0,0,0,1,0,0,7.0668593e-06,0
869,10,1,0,67,3,34,0,0,0,1,0,0,0.00021240744,0
37,19,0,0,29,4,65,0,1,0,0,0,0,2.591385e-05,0
106,7,0,0,40,1,30,0,1,0,0,0,0,5.747542e-06,0
175,21,0,0,62,3,49,0,1,0,0,0,0,4.965542e-06,0
14,14,0,0,50,6,69,0,0,0,0,1,0,8.116755e-05,0
383,19,0,0,97,0,28,0,1,0,0,0,0,1.1571753e-05,0
382,4,0,0,47,1,39,0,1,0,0,0,0,5.9388794e-06,0
53,4,0,0,57,1,57,0,0,1,0,0,0,4.740048e-06,0
21,18,0,1,92,1,67,0,1,0,0,0,0,5.1163785e-05,0
264,16,0,0,86,2,48,0,1,0,0,0,0,4.8897755e-06,0
161,20,0,1,33,1,32,0,1,0,0,0,0,0.0033119125,0
60,11,0,0,39,4,22,0,0,0,0,1,0,1.2244295e-05,0
414,12,0,0,82,2,64,0,0,0,1,0,0,8.649875e-06,0
397,17,0,0,34,0,21,0,1,0,0,0,0,4.4083085e-05,0
171,4,0,0,60,3,33,0,0,0,0,1,0,4.879318e-06,0
95,7,0,0,31,1,24,0,0,1,0,0,0,1.609714e-05,0
75,1,0,0,81,2,66,0,0,0,0,1,0,2.7295238e-05,0
26,17,0,0,27,1,22,0,0,1,0,0,0,2.0108397e-05,0
90,13,0,0,68,3,40,0,0,0,0,1,0,5.1568154e-06,0
143,16,0,0,91,1,22,0,1,0,0,0,0,4.839814e-06,0
179,11,0,0,27,1,47,0,0,1,0,0,0,1.4734078e-05,0
82,20,1,0,93,3,52,0,0,1,0,0,0,3.421944e-05,0
1,5,0,0,99,3,18,0,1,0,0,0,0,1.3800538e-05,0
279,6,0,0,56,1,69,0,0,1,0,0,0,7.4510226e-06,0
177,18,0,1,44,2,34,0,0,1,0,0,0,5.2297633e-05,0
198,1,0,0,36,2,68,0,0,0,1,0,0,0.0031157667,0
103,21,1,0,42,2,22,0,1,0,0,0,0,3.321882e-05,0
48,13,0,0,64,0,63,0,1,0,0,0,0,6.5276695e-06,0
291,14,0,0,58,2,24,0,1,0,0,0,0,5.6526756e-06,0
42,4,0,0,79,1,18,0,0,1,0,0,0,9.4680845e-06,0
186,10,0,0,87,1,44,0,1,0,0,0,0,4.534185e-06,0
1,1,0,0,36,3,33,1,0,0,0,0,0,0.010865373,0
110,0,0,0,45,2,46,0,0,0,1,0,0,3.174271e-05,0
10,15,0,0,75,3,31,0,0,0,0,1,0,7.999564e-06,0
11,12,0,0,66,1,37,0,0,0,0,1,0,7.333324e-06,0
201,0,0,0,81,4,42,1,0,0,0,0,0,1.7157996e-05,0
305,7,0,0,48,2,26,0,0,0,1,0,0,5.692307e-06,0
199,22,0,0,59,1,45,0,0,0,0,1,0,5.481668e-06,0
106,12,1,0,26,1,67,0,0,1,0,0,0,0.004747326,0
6,20,1,0,26,2,45,0,0,1,0,0,0,0.0050354544,0
336,18,0,0,74,1,67,1,0,0,0,0,0,6.395714e-06,0
171,3,0,0,44,1,59,0,0,1,0,0,0,1.27455805e-05,0
118,6,0,0,75,2,52,0,1,0,0,0,0,4.6747523e-06,0
711,22,0,0,26,2,54,0,0,0,0,1,0,7.2809955e-05,0
210,6,0,0,85,2,31,0,0,1,0,0,0,5.057156e-06,0
686,18,0,0,67,4,36,1,0,0,0,0,0,1.4923431e-05,0
72,5,0,0,61,1,31,0,0,1,0,0,0,4.668871e-06,0
124,3,0,0,44,2,64,0,0,1,0,0,0,1.904337e-05,0
416,18,0,0,32,6,42,1,0,0,0,0,0,0.015734304,0
60,21,0,0,61,1,35,0,0,0,1,0,0,5.7508105e-06,0
180,9,0,0,53,0,19,0,0,0,0,1,0,8.166089e-06,0
352,0,0,0,66,2,26,0,0,0,0,1,0,2.347812e-05,0
7,2,0,0,66,0,55,0,0,0,0,1,0,2.9485753e-05,0
84,15,0,0,49,4,60,0,0,0,0,1,0,6.0854986e-06,0
160,23,0,0,43,2,62,1,0,0,0,0,0,6.148723e-06,0
116,5,0,0,33,2,35,1,0,0,0,0,0,1.9462137e-05,0
531,11,0,0,95,2,36,0,0,0,1,0,0,9.259128e-06,0
34,17,0,0,27,2,33,0,1,0,0,0,0,2.3527273e-05,0
79,3,0,0,25,1,38,1,0,0,0,0,0,0.0028475581,0
17,23,0,0,88,3,57,1,0,0,0,0,0,7.1597065e-06,0
27,9,0,0,31,2,43,0,0,0,0,1,0,1.7190916e-05,0
52,3,0,0,94,2,51,0,0,1,0,0,0,1.6364591e-05,0
430,11,0,0,60,4,43,0,1,0,0,0,0,5.82304e-06,0
337,18,0,0,44,3,21,0,1,0,0,0,0,5.536692e-06,0
211,14,0,1,80,0,31,0,1,0,0,0,0,2.8479917e-05,0
74,8,0,0,81,4,32,0,1,0,0,0,0,4.6193645e-06,0
99,6,0,0,56,3,60,0,0,1,0,0,0,5.100024e-06,0
3,8,0,0,35,0,27,0,0,0,1,0,0,6.5539156e-05,0
343,12,0,0,46,4,33,1,0,0,0,0,0,5.7013362e-06,0
519,15,0,0,80,3,61,0,0,0,1,0,0,7.879247e-06,0
2,18,0,0,69,1,21,0,0,0,1,0,0,9.232666e-06,0
286,13,0,0,31,1,27,0,0,0,1,0,0,1.762278e-05,0
370,6,1,0,95,2,29,0,1,0,0,0,0,3.8907805e-05,0
421,17,0,1,89,2,67,0,0,0,0,1,0,0.00014252275,0
226,21,0,0,91,2,26,1,0,0,0,0,0,5.768855e-06,0
6,3,0,0,27,2,69,0,0,0,1,0,0,0.010395591,0
169,16,0,0,52,0,62,0,0,0,0,1,0,7.3288775e-06,0
541,5,0,0,87,2,66,0,0,0,1,0,0,1.1485645e-05,0
100,8,0,0,76,2,45,0,1,0,0,0,0,4.453684e-06,0
333,19,1,0,51,1,35,0,0,1,0,0,0,4.7192905e-05,0
25,22,0,1,66,2,37,0,0,0,0,1,0,0.00011554843,0
101,1,1,0,96,1,37,0,0,1,0,0,0,0.0070013287,0
297,9,0,0,92,3,20,0,1,0,0,0,0,6.5545432e-06,0
154,3,0,0,91,1,19,1,0,0,0,0,0,1.3319594e-05,0
21,11,0,0,97,1,44,0,0,0,1,0,0,6.229282e-06,0
195,14,0,1,58,4,67,0,0,0,1,0,0,4.6249228e-05,0
835,8,0,0,33,3,43,1,0,0,0,0,0,0.00010702953,0
185,23,0,0,95,2,62,1,0,0,0,0,0,6.697595e-06,0
227,10,0,0,78,2,46,0,0,0,0,1,0,5.6996832e-06,0
473,17,0,0,31,2,29,1,0,0,0,0,0,2.2136264e-05,0
7,0,0,0,47,4,50,0,0,1,0,0,0,3.6279715e-05,0
99,12,0,1,28,1,23,0,0,0,1,0,0,0.0035836978,0
244,7,0,1,88,6,60,0,0,0,1,0,0,0.055904955,0
180,2,0,0,26,5,25,0,1,0,0,0,1,0.9980861,1
112,7,0,1,94,3,66,0,1,0,0,0,0,3.454226e-05,0
90,17,0,0,85,5,59,0,0,1,0,0,0,3.72032e-05,0
280,3,0,0,96,0,46,0,0,0,1,0,0,1.8269919e-05,0
176,9,0,0,50,5,60,0,0,0,1,0,0,0.00011078756,0
329,5,1,0,49,5,36,1,0,0,0,0,0,0.23699841,0
167,1,0,0,85,3,67,0,0,0,1,0,0,1.752509e-05,0
234,11,1,0,40,2,35,0,0,1,0,0,0,0.00010944458,0
99,19,0,0,88,1,58,0,0,0,0,1,0,6.4432334e-06,0
571,15,0,1,73,2,43,0,0,0,0,1,0,0.0001241485,0
88,10,1,0,51,0,47,0,0,0,0,1,0,3.9298902e-05,0
471,17,0,0,46,2,48,0,1,0,0,0,0,6.0287734e-06,0
54,16,0,0,71,1,55,1,0,0,0,0,0,4.5421743e-06,0
96,7,0,1,98,1,47,1,0,0,0,0,0,3.6321708e-05,0
444,21,0,0,80,4,19,0,0,0,1,0,0,9.457319e-06,0
23,7,0,0,61,5,47,0,0,0,1,0,0,8.041677e-05,0
255,1,1,0,43,2,36,0,0,0,1,0,0,0.017741593,0
97,3,0,0,41,3,30,0,0,1,0,0,0,1.6089129e-05,0
36,9,0,0,95,1,60,0,0,1,0,0,0,7.0004057e-06,0
396,18,0,0,79,2,51,0,0,0,1,0,0,7.230988e-06,0
213,14,0,0,25,6,23,0,1,0,0,0,0,0.0104103675,0
295,4,1,0,90,1,33,0,0,1,0,0,0,3.7844908e-05,0
114,8,0,0,81,4,55,0,0,1,0,0,0,5.1169486e-06,0
280,6,0,0,90,0,69,0,0,0,1,0,0,1.0440998e-05,0
2,8,0,0,92,1,45,0,1,0,0,0,0,6.7278875e-06,0
67,23,0,0,27,2,55,0,0,0,1,0,0,3.3543263e-05,0
65,22,0,0,83,2,68,1,0,0,0,0,0,6.863278e-06,0
280,17,0,0,51,1,19,0,0,0,0,1,0,7.215605e-06,0
1,16,0,1,59,4,40,0,0,0,0,1,0,0.00012562,0
841,10,0,0,60,2,31,0,0,0,1,0,0,4.6733767e-05,0
261,5,1,0,77,0,55,0,0,0,0,1,0,7.185526e-05,0
167,14,0,0,89,4,36,0,0,1,0,0,0,5.308989e-06,0
134,3,0,0,73,1,66,1,0,0,0,0,0,1.7432876e-05,0
116,5,0,0,69,2,48,0,0,0,1,0,0,4.484943e-06,0
243,0,0,0,74,2,43,0,0,1,0,0,0,1.6817601e-05,0
146,6,0,0,75,1,44,0,0,0,0,1,0,4.9629666e-06,0
3,16,1,0,41,3,27,0,0,1,0,0,0,6.690505e-05,0
40,11,0,0,58,1,38,0,0,0,1,0,0,5.6670656e-06,0
111,22,0,0,66,0,52,0,1,0,0,0,0,6.406409e-06,0
432,10,0,0,38,2,33,1,0,0,0,0,0,2.1212705e-05,0
12,19,0,0,57,3,69,0,0,1,0,0,0,9.021039e-06,0
58,13,0,0,88,4,57,0,1,0,0,0,0,4.6062028e-06,0
34,11,0,0,60,0,19,1,0,0,0,0,0,9.771789e-06,0
726,23,0,0,43,2,50,0,0,1,0,0,0,3.077246e-05,0
263,9,0,0,65,1,25,0,1,0,0,0,0,4.8440766e-06,0
377,22,0,1,98,3,63,1,0,0,0,0,0,0.00010009006,0
141,4,0,0,53,2,38,0,0,1,0,0,0,4.4888798e-06,0
6,17,0,0,41,2,49,0,0,0,0,1,0,9.408525e-06,0
292,9,0,0,27,4,48,0,0,1,0,0,0,1.6888398e-05,0
31,23,0,0,50,2,26,0,1,0,0,0,0,6.975848e-06,0
109,18,0,0,37,0,49,0,0,0,1,0,0,1.9873127e-05,0
27,0,0,0,95,5,61,1,0,0,0,0,0,0.010776624,0
37,22,0,0,29,1,31,0,0,0,1,0,0,3.5508776e-05,0
252,10,0,0,48,3,55,0,0,1,0,0,0,5.958684e-06,0
96,16,0,0,77,1,66,0,1,0,0,0,0,6.485951e-06,0
125,13,0,0,79,0,54,0,0,0,1,0,0,6.3878083e-06,0
87,4,1,0,45,1,23,0,0,1,0,0,0,3.618328e-05,0
323,11,0,0,50,1,43,1,0,0,0,0,0,4.6947225e-06,0
92,16,0,0,58,4,23,0,0,0,0,1,0,5.9925114e-06,0
7,19,0,0,26,3,42,0,0,0,1,0,0,4.409675e-05,0
91,10,0,0,76,1,46,0,0,1,0,0,0,5.3261497e-06,0
107,11,0,1,40,2,22,0,0,1,0,0,0,9.1883245e-05,0
566,5,0,0,93,2,68,0,0,0,0,1,0,1.2502352e-05,0
19,4,0,1,99,1,28,0,0,1,0,0,0,8.227883e-05,0
335,23,0,0,45,1,54,0,0,1,0,0,0,7.0313304e-06,0
465,8,0,0,65,1,51,0,1,0,0,0,0,5.9342087e-06,0
70,2,0,1,90,2,67,0,0,0,0,1,0,0.016805459,0
124,22,0,0,67,0,49,0,0,1,0,0,0,6.4273813e-06,0
129,5,0,0,90,1,45,1,0,0,0,0,0,4.8298366e-06,0
29,6,0,0,38,3,33,1,0,0,0,0,0,2.098664e-05,0
61,14,0,1,57,4,34,0,0,1,0,0,0,3.9186667e-05,0
129,5,0,0,35,1,58,0,0,1,0,0,0,1.6449474e-05,0
193,16,0,0,92,1,27,0,0,1,0,0,0,5.4612137e-06,0
311,20,0,0,27,2,24,0,0,0,1,0,0,3.0562238e-05,0
146,5,0,0,87,1,33,0,0,0,0,1,0,5.384227e-06,0
118,6,0,0,26,4,30,0,0,1,0,0,0,2.3849318e-05,0
24,3,0,0,39,2,64,0,0,1,0,0,0,0.0006650035,0
97,23,0,0,52,4,67,0,0,0,1,0,0,8.055749e-06,0
310,15,0,0,67,2,62,1,0,0,0,0,0,5.1663014e-06,0
4,20,0,0,57,0,19,0,0,0,1,0,0,1.3647318e-05,0
478,11,0,0,27,0,46,0,0,0,0,1,0,3.723731e-05,0
1019,8,0,0,69,2,62,0,0,0,0,1,0,0.00080895115,0
196,14,0,0,47,1,62,0,0,1,0,0,0,5.3403855e-06,0
689,15,0,0,30,2,57,0,0,1,0,0,0,6.024036e-05,0
162,17,0,0,95,4,54,0,0,1,0,0,0,4.8858465e-06,0
96,1,0,0,47,2,36,0,0,1,0,0,0,2.625286e-05,0
54,21,0,0,51,1,47,0,0,0,0,1,0,6.498991e-06,0
408,1,0,0,27,6,46,1,0,0,0,0,1,0.99931514,1
363,14,0,1,81,0,38,0,0,0,1,0,0,5.668763e-05,0
545,4,0,0,45,3,27,0,1,0,0,0,0,6.8617865e-06,0
16,19,0,0,62,2,67,0,0,1,0,0,0,7.7370405e-06,0
256,6,0,0,76,4,49,1,0,0,0,0,0,5.1199604e-06,0
11,1,0,1,25,4,32,0,0,0,1,0,1,0.9991916,1
69,1,0,0,54,1,44,0,0,0,1,0,0,2.2577353e-05,0
188,14,0,0,57,0,45,1,0,0,0,0,0,5.18089e-06,0
245,11,0,0,52,3,61,1,0,0,0,0,0,5.2783753e-06,0
163,10,0,0,85,3,32,0,1,0,0,0,0,4.4194467e-06,0
25,16,1,0,72,3,55,1,0,0,0,0,0,3.6574223e-05,0
219,18,0,0,44,3,55,1,0,0,0,0,0,4.373686e-06,0
219,0,0,0,30,3,35,0,0,0,1,0,0,0.021830821,0
495,17,0,0,75,1,64,0,0,0,0,1,0,9.939548e-06,0
135,8,0,0,92,2,31,0,0,0,0,1,0,5.6830854e-06,0
1177,23,0,0,55,3,45,1,0,0,0,0,0,0.00035360307,0
131,19,0,0,57,2,51,0,0,1,0,0,0,4.955612e-06,0
71,21,0,1,93,1,61,0,0,1,0,0,0,4.5952434e-05,0
212,7,0,0,68,0,53,0,0,1,0,0,0,5.4141065e-06,0
627,4,0,0,62,2,59,0,0,0,1,0,0,1.2214438e-05,0
25,5,0,0,68,3,63,0,0,0,0,1,0,6.900129e-06,0
235,4,0,1,38,2,53,0,0,0,0,1,0,0.015972374,0
60,4,0,0,60,0,52,0,0,0,1,0,0,5.746184e-06,0
85,6,0,0,59,2,51,0,0,0,0,1,0,5.2272844e-06,0
26,15,0,0,26,4,28,0,0,0,1,0,0,3.105962e-05,0
114,19,0,0,93,1,41,0,0,0,1,0,0,5.3114345e-06,0
27,4,0,0,62,3,29,0,1,0,0,0,0,5.020817e-06,0
310,4,0,0,62,1,24,0,0,0,0,1,0,6.6878674e-06,0
107,0,0,0,99,1,34,0,0,0,1,0,0,5.5012155e-05,0
33,21,0,0,94,0,45,1,0,0,0,0,0,7.4957243e-06,0
158,15,1,0,95,2,30,1,0,0,0,0,0,2.4046982e-05,0
161,16,0,1,58,2,62,0,1,0,0,0,0,2.0681562e-05,0
187,16,0,0,41,4,52,0,0,0,1,0,0,5.287303e-06,0
58,1,0,1,91,0,65,0,0,1,0,0,0,0.009375856,0
73,15,0,0,30,2,23,1,0,0,0,0,0,1.7303255e-05,0
249,12,0,0,30,0,47,0,0,0,0,1,0,2.0545569e-05,0
196,19,0,0,76,3,44,0,0,1,0,0,0,5.1510897e-06,0
16,21,0,0,42,1,66,0,0,0,0,1,0,1.2715303e-05,0
90,7,0,0,65,1,24,0,0,1,0,0,0,5.2782043e-06,0
295,5,0,0,64,4,28,0,0,0,1,0,0,5.6971453e-06,0
42,0,1,0,32,1,62,0,0,0,1,0,1,0.99925584,1
76,6,0,0,54,1,52,0,0,1,0,0,0,4.7735175e-06,0
487,16,0,1,86,2,46,0,1,0,0,0,0,6.176476e-05,0
105,20,0,0,68,2,47,0,1,0,0,0,0,4.643897e-06,0
283,21,0,0,46,4,40,0,0,0,0,1,0,6.444898e-06,0
376,5,0,1,30,3,51,1,0,0,0,0,0,0.009991694,0
150,15,0,0,76,1,32,1,0,0,0,0,0,4.409747e-06,0
33,5,0,0,49,3,34,0,0,0,0,1,0,6.266953e-06,0
407,17,0,1,92,2,33,0,0,1,0,0,0,9.4648094e-05,0
57,23,0,0,44,1,68,0,0,0,0,1,0,9.693905e-06,0
321,5,0,0,35,0,67,0,0,1,0,0,0,2.612247e-05,0
7,7,0,0,71,3,35,0,0,0,0,1,0,7.730403e-06,0
337,7,0,0,39,3,18,1,0,0,0,0,0,1.585774e-05,0
324,22,0,0,68,2,42,0,0,0,1,0,0,5.528756e-06,0
373,4,0,0,30,1,27,0,0,0,1,0,0,6.0569968e-05,0
8,9,0,0,84,2,25,0,0,0,0,1,0,8.149744e-06,0
368,5,0,0,54,1,64,1,0,0,0,0,0,8.366871e-06,0
29,0,1,0,99,4,42,0,0,0,0,1,0,0.10235416,0
21,12,0,0,42,0,68,0,0,0,1,0,0,1.0217457e-05,0
460,7,0,0,44,1,68,0,0,0,0,1,0,1.0670518e-05,0
41,3,0,0,41,0,35,0,0,0,0,1,0,3.185327e-05,0
89,11,0,0,38,1,55,0,0,0,1,0,0,1.647962e-05,0
110,8,0,0,45,0,36,0,0,0,1,0,0,7.0637325e-06,0
208,8,0,0,78,1,51,0,0,0,0,1,0,6.0668913e-06,0
147,7,0,0,55,3,24,0,0,1,0,0,0,5.829758e-06,0
247,14,0,0,30,3,62,0,1,0,0,0,0,1.8572991e-05,0
199,20,0,0,39,4,55,0,0,1,0,0,0,1.1974447e-05,0
12,16,0,0,98,2,60,0,0,0,0,1,0,9.808996e-06,0
285,11,0,1,65,1,18,1,0,0,0,0,0,3.4457706e-05,0
37,3,0,0,77,6,28,0,0,0,0,1,0,0.0027715624,0
377,12,0,0,47,1,69,0,0,1,0,0,0,9.272206e-06,0
50,15,0,0,60,2,26,0,0,0,0,1,0,5.328319e-06,0
202,9,0,0,69,2,24,0,0,0,1,0,0,5.6660765e-06,0
67,5,0,0,87,2,24,0,0,0,0,1,0,5.847793e-06,0
7,5,0,0,88,2,66,0,0,0,1,0,0,9.641353e-06,0
20,1,1,0,63,0,21,0,0,0,1,0,0,0.0015883241,0
28,20,0,0,96,2,57,0,1,0,0,0,0,5.9881186e-06,0
120,15,0,0,49,1,60,0,0,0,0,1,0,6.3213593e-06,0
41,0,0,0,82,3,67,0,1,0,0,0,0,2.302376e-05,0
159,20,0,0,86,2,29,0,1,0,0,0,0,5.0145863e-06,0
483,19,0,0,45,2,57,0,0,1,0,0,0,7.4842237e-06,0
275,23,0,0,32,0,67,0,1,0,0,0,0,3.304627e-05,0
178,19,0,1,74,4,22,1,0,0,0,0,0,4.3861466e-05,0
38,15,0,0,92,0,47,0,0,0,1,0,0,8.134478e-06,0
34,14,0,1,43,2,30,0,0,0,1,0,0,8.6398744e-05,0
58,10,0,0,43,0,36,1,0,0,0,0,0,6.5505997e-06,0
94,19,0,0,83,2,32,0,0,0,0,1,0,6.0274624e-06,0
70,15,0,0,45,3,65,0,0,0,1,0,0,6.116166e-06,0
171,10,0,0,92,1,66,0,0,1,0,0,0,6.8968193e-06,0
147,0,1,0,49,4,61,0,1,0,0,0,0,0.02248308,0
3,8,0,0,88,4,28,1,0,0,0,0,0,7.540599e-06,0
112,23,1,0,29,1,50,0,0,0,0,1,0,0.0039629685,0
166,5,0,0,51,1,59,1,0,0,0,0,0,5.0893154e-06,0
228,3,0,0,92,0,52,0,1,0,0,0,0,1.612395e-05,0
704,11,0,0,33,2,49,0,1,0,0,0,0,4.5292443e-05,0
303,18,0,0,94,2,57,0,0,0,0,1,0,6.5984077e-06,0
71,9,0,0,83,1,46,0,0,1,0,0,0,4.7517433e-06,0
2,3,0,0,49,1,18,1,0,0,0,0,0,2.4262798e-05,0
109,9,0,0,64,0,64,0,0,0,0,1,0,7.4607215e-06,0
17,20,0,0,55,4,41,1,0,0,0,0,0,6.7601677e-06,0
73,0,0,0,64,1,64,0,0,1,0,0,0,2.0094289e-05,0
24,4,0,0,48,0,59,0,0,0,1,0,0,7.1997683e-06,0
258,2,0,0,60,1,46,0,0,0,1,0,0,1.1446902e-05,0
327,17,0,0,61,2,34,1,0,0,0,0,0,4.844169e-06,0
25,6,0,0,95,1,34,0,0,0,1,0,0,6.5560052e-06,0
16,20,0,0,48,2,40,0,1,0,0,0,0,6.0261405e-06,0
459,23,0,0,42,1,20,0,0,0,0,1,0,1.2558636e-05,0
119,5,0,0,33,0,36,0,1,0,0,0,0,3.5378343e-05,0
304,9,0,0,70,2,30,0,0,0,0,1,0,5.962885e-06,0
17,11,0,0,63,3,63,1,0,0,0,0,0,6.2554222e-06,0
170,13,0,0,26,3,37,0,0,0,1,0,0,1.7692933e-05,0
107,22,0,1,66,1,65,0,1,0,0,0,0,3.0919862e-05,0
156,8,0,0,82,0,53,0,1,0,0,0,0,5.506566e-06,0
20,19,0,0,91,3,45,1,0,0,0,0,0,6.2354934e-06,0
1,9,0,0,36,1,57,0,0,0,0,1,0,2.196572e-05,0
2,17,0,0,35,1,50,0,0,1,0,0,0,2.2802278e-05,0
326,8,0,0,57,2,31,0,0,1,0,0,0,5.1923807e-06,0
178,4,0,0,47,4,25,0,0,1,0,0,0,5.2045025e-06,0
275,3,1,0,31,2,69,1,0,0,0,0,1,0.9959462,1
588,3,0,0,45,2,27,0,1,0,0,0,0,1.8073679e-05,0
122,7,0,0,51,0,62,0,0,1,0,0,0,6.9926127e-06,0
24,8,0,0,72,1,41,0,0,1,0,0,0,5.330225e-06,0
20,6,0,0,62,3,37,1,0,0,0,0,0,5.533187e-06,0
261,15,0,0,69,0,26,0,1,0,0,0,0,7.191527e-06,0
53,22,0,0,97,1,62,1,0,0,0,0,0,6.3142675e-06,0
97,18,0,0,51,2,37,0,0,1,0,0,0,5.30537e-06,0
529,7,0,0,82,1,43,0,0,0,0,1,0,8.008831e-06,0
104,10,0,0,27,1,32,0,0,0,1,0,0,2.6580858e-05,0
40,17,0,0,89,0,48,1,0,0,0,0,0,7.44106e-06,0
167,9,0,0,76,2,66,1,0,0,0,0,0,5.8430987e-06,0
12,15,0,0,87,3,25,0,0,0,1,0,0,7.870964e-06,0
109,13,0,0,36,3,69,1,0,0,0,0,0,1.5396497e-05,0
84,14,0,0,73,1,60,0,0,0,1,0,0,4.818551e-06,0
251,19,0,0,80,1,29,1,0,0,0,0,0,5.8121823e-06,0
165,5,0,0,28,4,63,0,0,1,0,0,0,2.0193605e-05,0
12,22,0,0,62,3,42,0,0,0,1,0,0,7.1189984e-06,0
109,10,0,1,45,2,51,0,0,0,1,0,0,3.0242709e-05,0
149,4,0,0,94,2,67,1,0,0,0,0,0,6.0247157e-06,0
9,16,0,0,85,5,53,0,0,0,0,1,0,6.268186e-05,0
171,19,0,1,62,4,57,0,0,0,0,1,0,4.4875327e-05,0
92,6,0,0,32,1,32,0,0,1,0,0,0,1.9742805e-05,0
106,16,0,0,97,2,46,0,0,1,0,0,0,5.119726e-06,0
2,11,0,0,33,3,36,0,0,1,0,0,0,2.9830864e-05,0
45,13,0,0,65,2,60,1,0,0,0,0,0,4.5939014e-06,0
38,16,0,0,44,0,39,0,0,0,0,1,0,7.867541e-06,0
69,16,0,0,37,2,43,0,0,0,0,1,0,9.787766e-06,0
7,1,0,0,64,1,62,0,0,0,1,0,0,2.7424576e-05,0
185,17,0,0,80,3,49,1,0,0,0,0,0,4.5945067e-06,0
167,7,0,0,45,2,47,0,0,0,1,0,0,4.221726e-06,0
51,15,0,0,67,2,34,0,0,0,1,0,0,5.126967e-06,0
164,20,0,0,73,2,64,0,0,0,0,1,0,6.621264e-06,0
128,20,0,0,86,1,30,0,0,0,1,0,0,6.072906e-06,0
1,7,0,0,96,1,62,1,0,0,0,0,0,9.840233e-06,0
110,5,0,0,74,0,31,0,0,1,0,0,0,6.272274e-06,0
66,18,0,0,77,3,51,1,0,0,0,0,0,4.508516e-06,0
268,15,0,0,26,2,43,0,1,0,0,0,0,1.6370928e-05,0
44,11,0,0,64,2,37,0,0,0,0,1,0,5.2685687e-06,0
237,9,0,0,90,0,48,1,0,0,0,0,0,5.7075213e-06,0
159,0,1,0,33,1,54,0,1,0,0,0,1,0.9983164,1
18,12,0,0,65,2,48,0,0,0,0,1,0,6.1450532e-06,0
56,8,0,0,59,2,30,0,0,1,0,0,0,4.759013e-06,0
224,20,0,0,82,0,67,1,0,0,0,0,0,7.874327e-06,0
6,11,0,0,86,3,22,1,0,0,0,0,0,7.719124e-06,0
196,17,0,0,39,4,33,0,1,0,0,0,0,1.0990623e-05,0
89,15,0,0,96,0,31,0,0,0,1,0,0,7.838431e-06,0
58,8,0,0,55,1,69,0,0,0,1,0,0,7.743396e-06,0
23,2,0,0,81,3,21,0,0,0,0,1,0,2.5009314e-05,0
20,18,0,0,28,0,19,0,0,0,0,1,0,3.998129e-05,0
69,12,0,0,70,0,48,0,0,0,1,0,0,5.6247236e-06,0
668,15,1,0,55,1,63,0,0,0,0,1,0,0.00023184088,0
101,6,0,0,39,3,61,0,1,0,0,0,0,1.0791141e-05,0
111,5,0,0,83,1,40,0,1,0,0,0,0,4.5782267e-06,0
153,6,0,0,80,0,23,0,0,0,1,0,0,7.5862577e-06,0
23,22,0,0,64,0,43,0,1,0,0,0,0,7.2398475e-06,0
268,14,0,0,88,5,51,0,0,0,0,1,0,7.1572074e-05,0
307,3,0,0,37,2,59,1,0,0,0,0,0,0.0007909265,0
51,2,0,0,68,4,21,0,0,0,1,0,0,1.8529452e-05,0
54,1,0,0,51,3,30,0,0,0,0,1,0,2.9727918e-05,0
265,19,0,0,38,1,39,0,0,0,0,1,0,1.5108241e-05,0
137,21,0,0,54,1,66,0,1,0,0,0,0,7.0947544e-06,0
14,15,0,0,25,4,26,0,0,0,0,1,0,2.963861e-05,0
76,15,0,0,57,2,41,0,0,1,0,0,0,4.350884e-06,0
29,22,0,0,26,0,46,0,0,1,0,0,0,2.996887e-05,0
54,17,0,0,43,2,65,0,0,0,1,0,0,7.035852e-06,0
0,13,0,0,71,1,25,0,1,0,0,0,0,7.848058e-06,0
37,16,0,0,91,2,37,1,0,0,0,0,0,6.1737423e-06,0
1,19,0,0,69,3,45,0,0,0,0,1,0,8.248388e-06,0
56,6,0,0,85,5,57,0,0,1,0,0,0,4.3728116e-05,0
12,17,0,0,43,0,64,0,1,0,0,0,0,9.88492e-06,0
31,18,0,0,31,0,25,1,0,0,0,0,0,3.0740808e-05,0
159,14,0,0,58,2,28,0,0,0,0,1,0,4.855973e-06,0
65,5,0,0,78,1,21,0,0,0,1,0,0,6.283002e-06,0
392,16,0,0,81,3,52,0,0,0,0,1,0,8.47966e-06,0
186,20,0,0,31,2,65,0,0,0,1,0,0,2.2121449e-05,0
71,15,0,0,94,4,59,1,0,0,0,0,0,4.9306086e-06,0
42,14,0,1,67,1,68,0,1,0,0,0,0,3.4020664e-05,0
496,16,0,0,98,0,52,0,0,1,0,0,0,1.0479024e-05,0
257,14,0,0,40,2,50,0,0,0,0,1,0,8.613014e-06,0
107,16,1,0,62,1,29,0,0,0,0,1,0,2.816977e-05,0
0,11,0,0,45,1,57,0,1,0,0,0,0,7.3784095e-06,0
49,16,0,0,65,3,57,1,0,0,0,0,0,4.3953705e-06,0
12,5,0,0,86,1,57,0,0,1,0,0,0,7.317445e-06,0
610,9,0,0,91,1,62,0,1,0,0,0,0,1.3300945e-05,0
181,8,0,0,28,1,23,0,0,1,0,0,0,1.7929766e-05,0
38,8,0,0,58,1,50,0,0,0,0,1,0,6.812934e-06,0
541,12,0,1,83,3,40,0,0,0,0,1,0,0.00012137095,0
52,10,0,0,35,1,22,0,0,0,0,1,0,1.38982205e-05,0
410,11,0,0,89,1,34,0,0,1,0,0,0,7.6250476e-06,0
44,1,0,0,96,4,49,0,0,0,1,0,0,2.185108e-05,0
134,11,1,0,83,1,50,1,0,0,0,0,0,2.3580555e-05,0
215,4,0,0,91,1,44,1,0,0,0,0,0,4.641842e-06,0
122,19,0,0,47,3,56,0,0,0,0,1,0,6.4349497e-06,0
9,10,0,0,73,0,49,0,0,0,1,0,0,8.263143e-06,0
819,12,0,0,78,3,30,0,0,0,0,1,0,3.919048e-05,0
333,0,0,0,28,0,36,0,0,0,0,1,0,0.01791909,0
345,1,0,0,79,0,52,0,0,0,1,0,0,3.108451e-05,0
87,19,0,0,41,3,48,0,0,0,0,1,0,6.1289e-06,0
273,20,0,0,37,1,56,1,0,0,0,0,0,1.2277234e-05,0
55,12,1,0,44,1,53,0,0,1,0,0,0,3.5758712e-05,0
63,16,0,0,29,1,52,0,1,0,0,0,0,1.5290645e-05,0
207,15,0,0,64,1,46,0,0,0,1,0,0,4.2314523e-06,0
74,23,0,0,75,0,28,0,1,0,0,0,0,8.886528e-06,0
33,14,0,1,89,1,31,0,0,0,0,1,0,7.265972e-05,0
68,20,0,0,70,3,48,0,1,0,0,0,0,4.619942e-06,0
152,11,0,0,28,2,45,0,0,0,0,1,0,1.3341523e-05,0
230,23,0,0,80,3,51,0,0,0,1,0,0,6.328253e-06,0
925,1,0,0,62,1,41,1,0,0,0,0,0,0.0004952255,0
2,0,0,0,40,1,37,0,0,0,1,0,0,0.000106880325,0
173,7,0,0,51,2,53,0,0,0,1,0,0,5.027127e-06,0
209,13,1,0,79,4,64,0,0,1,0,0,0,3.4390177e-05,0
310,13,0,0,55,1,35,1,0,0,0,0,0,5.778419e-06,0
86,3,0,0,30,1,64,0,0,0,0,1,0,0.0028818646,0
141,2,0,0,99,3,37,0,0,0,0,1,0,2.2369039e-05,0
171,15,0,0,93,3,48,0,0,0,1,0,0,4.831329e-06,0
82,1,0,0,44,3,51,0,0,0,1,0,0,2.3889903e-05,0
184,17,0,0,38,2,65,0,0,1,0,0,0,1.3678864e-05,0
11,15,0,0,77,2,26,0,0,0,0,1,0,8.029204e-06,0
2,7,0,0,78,0,41,1,0,0,0,0,0,9.330475e-06,0
94,8,0,0,41,3,37,0,0,1,0,0,0,5.3926133e-06,0
52,10,0,0,73,6,32,1,0,0,0,0,0,3.3490654e-05,0
89,15,0,0,58,2,24,0,1,0,0,0,0,4.8414627e-06,0
88,0,0,0,79,5,52,0,1,0,0,0,0,0.012927676,0
47,14,0,0,56,5,54,0,0,0,1,0,0,4.615397e-05,0
74,10,0,0,57,2,49,0,0,1,0,0,0,4.350884e-06,0
166,21,1,0,96,1,31,1,0,0,0,0,0,2.5140738e-05,0
130,19,1,0,97,1,47,0,0,0,1,0,0,2.7040947e-05,0
547,19,0,0,74,2,62,0,0,0,1,0,0,8.972443e-06,0
158,0,0,0,68,2,21,0,0,0,1,0,0,1.8200115e-05,0
406,20,0,0,67,1,44,1,0,0,0,0,0,6.2768813e-06,0
93,11,0,0,78,1,58,1,0,0,0,0,0,5.543169e-06,0
42,3,0,0,57,1,19,1,0,0,0,0,0,1.4385714e-05,0
9,21,0,0,30,0,56,1,0,0,0,0,0,4.0314302e-05,0
150,14,0,0,79,2,31,1,0,0,0,0,0,4.478242e-06,0
43,1,0,0,67,0,50,1,0,0,0,0,0,1.9083876e-05,0
424,11,0,1,42,0,54,0,0,0,0,1,0,0.000106686246,0
313,9,0,0,99,1,48,0,1,0,0,0,0,6.078347e-06,0
367,18,0,1,84,2,40,1,0,0,0,0,0,7.256887e-05,0
65,6,0,1,99,2,35,0,0,1,0,0,0,4.103756e-05,0
897,10,0,0,36,4,65,0,0,0,1,0,0,0.00014534831,0
353,13,0,1,59,2,59,0,0,0,0,1,0,9.375725e-05,0
40,14,0,0,79,2,35,0,0,0,1,0,0,6.883185e-06,0
156,20,0,0,98,3,33,0,0,0,1,0,0,6.6187013e-06,0
58,8,0,0,40,2,49,0,0,0,1,0,0,5.579957e-06,0
156,3,0,0,29,1,54,0,0,0,1,0,0,0.0042162547,0
89,3,0,0,95,2,29,1,0,0,0,0,0,1.4755337e-05,0
402,3,0,1,80,2,27,0,0,0,1,0,0,0.0031721762,0
52,16,0,0,87,1,58,0,0,0,0,1,0,6.1532514e-06,0
57,13,0,0,31,2,51,0,0,0,0,1,0,1.483749e-05,0
4,21,0,0,41,1,60,0,0,0,1,0,0,8.864732e-06,0
160,13,0,0,99,3,60,0,0,0,1,0,0,6.0578145e-06,0
118,17,0,0,67,4,39,1,0,0,0,0,0,4.197478e-06,0
25,14,0,0,31,2,60,1,0,0,0,0,0,1.8183375e-05,0
292,14,0,0,30,1,52,1,0,0,0,0,0,1.5474205e-05,0
79,3,0,1,42,2,33,0,0,1,0,0,0,0.0056480137,0
47,12,0,0,84,2,41,0,1,0,0,0,0,4.570863e-06,0
7,2,1,0,32,3,37,0,1,0,0,0,1,0.9974215,1
176,21,0,1,50,1,22,0,0,1,0,0,0,5.051217e-05,0
238,19,0,0,47,0,68,1,0,0,0,0,0,7.1280197e-06,0
5,22,0,0,32,2,23,1,0,0,0,0,0,3.388577e-05,0
311,21,0,0,43,3,22,0,0,1,0,0,0,7.6968145e-06,0
102,15,0,0,80,3,30,0,0,0,1,0,0,5.486809e-06,0
317,2,0,0,49,7,21,1,0,0,0,0,0,0.01499498,0
41,7,0,0,63,3,56,0,0,0,0,1,0,6.5265735e-06,0
68,11,0,0,70,2,38,0,1,0,0,0,0,4.244944e-06,0
424,4,0,0,39,4,30,0,0,0,1,0,0,3.4367753e-05,0
25,16,0,0,80,3,69,0,1,0,0,0,0,6.8158784e-06,0
87,8,0,0,50,2,43,1,0,0,0,0,0,4.5063975e-06,0
238,16,0,0,54,2,59,0,0,0,0,1,0,6.2260633e-06,0
75,15,0,0,97,2,25,0,0,0,0,1,0,5.754124e-06,0
367,8,0,0,60,1,53,1,0,0,0,0,0,6.5616164e-06,0
748,13,0,0,60,2,65,0,0,0,0,1,0,4.614363e-05,0
783,11,0,0,72,1,39,1,0,0,0,0,0,2.0832718e-05,0
130,19,0,0,71,1,32,0,0,0,0,1,0,5.4863276e-06,0
613,13,0,0,77,2,68,0,0,0,0,1,0,1.9628662e-05,0
157,18,0,0,52,1,47,0,0,0,0,1,0,4.7852723e-06,0
32,21,0,0,69,1,60,0,0,0,1,0,0,6.196824e-06,0
99,11,0,1,29,2,58,0,1,0,0,0,0,0.00861286,0
56,8,0,0,28,3,33,1,0,0,0,0,0,2.1938191e-05,0
60,6,0,0,62,3,51,0,0,0,0,1,0,5.3288272e-06,0
123,11,0,0,57,3,33,0,0,0,1,0,0,5.0770172e-06,0
75,21,0,1,86,4,53,0,0,0,0,1,0,5.6808254e-05,0
222,21,0,0,68,3,49,1,0,0,0,0,0,4.7021067e-06,0
80,22,0,1,45,3,64,0,0,1,0,0,0,6.142093e-05,0
34,13,0,0,94,4,45,1,0,0,0,0,0,6.1045403e-06,0
56,14,0,0,36,2,36,0,0,0,0,1,0,1.535588e-05,0
13,12,0,0,96,4,60,1,0,0,0,0,0,7.195581e-06,0
55,17,0,0,33,4,61,1,0,0,0,0,0,1.3842215e-05,0
180,14,1,0,90,4,65,1,0,0,0,0,0,3.3979744e-05,0
351,21,0,0,46,1,46,0,1,0,0,0,0,6.158465e-06,0
121,22,0,1,62,2,35,0,0,0,0,1,0,5.845007e-05,0
92,7,1,0,97,3,36,0,1,0,0,0,0,1.9401004e-05,0
272,21,0,0,38,8,63,0,1,0,0,0,0,0.017124344,0
175,22,0,0,76,0,65,0,1,0,0,0,0,8.842543e-06,0
310,6,1,1,76,2,36,0,0,0,1,0,0,0.020961994,0
8,14,0,0,76,2,31,1,0,0,0,0,0,7.1956633e-06,0
18,23,0,0,52,2,35,1,0,0,0,0,0,7.653388e-06,0
261,21,0,0,53,2,67,0,0,0,0,1,0,9.730249e-06,0
98,22,0,0,93,2,24,1,0,0,0,0,0,5.9130916e-06,0
359,8,0,0,32,0,57,0,0,0,1,0,0,3.0878695e-05,0
54,17,0,0,39,5,18,0,1,0,0,0,0,0.0040614605,0
26,14,0,0,91,2,61,0,1,0,0,0,0,5.6963904e-06,0
107,14,0,0,80,2,69,0,0,1,0,0,0,7.055479e-06,0
158,3,0,0,44,1,68,0,0,0,0,1,0,2.0534657e-05,0
86,11,0,0,59,5,63,0,0,0,0,1,0,3.7285066e-05,0
46,1,0,0,93,3,69,0,0,1,0,0,0,3.1743315e-05,0
263,4,0,0,27,0,65,0,0,0,0,1,0,4.0866158e-05,0
143,4,0,0,60,0,29,0,1,0,0,0,0,6.379133e-06,0
375,9,0,0,47,2,66,0,1,0,0,0,0,8.43925e-06,0
7,0,0,0,96,1,41,0,1,0,0,0,0,2.9858587e-05,0
24,15,1,0,77,3,69,0,1,0,0,0,0,3.8905167e-05,0
118,4,0,0,73,1,53,0,0,1,0,0,0,4.850641e-06,0
25,21,0,0,54,4,50,0,0,1,0,0,0,6.3269677e-06,0
362,1,0,0,39,3,52,0,0,0,1,0,0,0.002661467,0
88,14,0,0,43,3,36,1,0,0,0,0,0,5.5716564e-06,0
199,4,0,0,38,2,56,1,0,0,0,0,0,1.394474e-05,0
93,18,0,0,57,1,46,0,0,0,1,0,0,4.6071254e-06,0
218,3,0,0,32,2,68,0,0,0,1,0,0,0.003014733,0
240,21,0,0,57,5,31,1,0,0,0,0,0,0.000115066716,0
108,9,0,0,88,4,35,1,0,0,0,0,0,4.918023e-06,0
187,10,0,0,51,2,24,0,0,1,0,0,0,6.4151886e-06,0
90,0,0,0,94,4,28,0,1,0,0,0,0,2.2738133e-05,0
118,23,0,0,56,2,30,1,0,0,0,0,0,5.5026076e-06,0
34,15,0,0,75,1,60,0,0,0,1,0,0,6.6255593e-06,0
192,14,0,0,27,3,59,0,0,1,0,0,0,1.594378e-05,0
8,19,1,1,84,1,35,0,0,0,0,1,0,0.0046491376,0
80,1,0,0,26,4,68,1,0,0,0,0,0,0.005048738,0
159,4,0,1,94,3,49,0,1,0,0,0,0,3.0904914e-05,0
425,5,0,0,64,3,60,1,0,0,0,0,0,6.308646e-06,0
322,4,0,0,28,2,24,0,0,1,0,0,0,3.3663695e-05,0
46,17,0,0,91,1,26,0,0,1,0,0,0,6.6566436e-06,0
44,1,0,1,79,3,52,0,0,0,0,1,0,0.015189591,0
49,9,1,0,98,6,46,0,0,0,1,0,0,0.0238584,0
254,8,0,0,73,3,32,0,0,1,0,0,0,6.0804277e-06,0
164,16,0,0,87,0,38,0,1,0,0,0,0,5.6335975e-06,0
349,2,0,0,45,2,43,0,0,1,0,0,0,1.581672e-05,0
536,0,1,0,98,3,22,0,0,1,0,0,0,0.15724911,0
98,4,0,0,58,3,39,0,0,0,0,1,0,4.9628675e-06,0
43,23,0,0,45,4,62,0,0,0,1,0,0,6.651427e-06,0
71,23,0,0,27,3,33,0,0,0,0,1,0,2.7412234e-05,0
247,6,0,0,47,1,46,0,1,0,0,0,0,4.841324e-06,0
189,21,0,0,75,2,43,0,1,0,0,0,0,5.219653e-06,0
58,8,0,1,34,4,23,0,0,1,0,0,0,0.006096352,0
247,20,0,0,37,1,22,0,0,1,0,0,0,2.1170568e-05,0
130,0,0,0,50,7,56,1,0,0,0,0,0,0.007564884,0
182,2,1,1,31,2,28,0,1,0,0,0,1,0.99984753,1
58,9,0,0,69,2,55,0,0,1,0,0,0,4.5969127e-06,0
31,18,0,0,54,1,34,0,1,0,0,0,0,5.2169553e-06,0
21,12,0,0,55,1,38,0,0,0,0,1,0,7.0497013e-06,0
289,19,0,0,81,2,53,0,0,0,1,0,0,5.8201804e-06,0
485,19,0,0,60,2,54,0,0,0,0,1,0,8.290486e-06,0
312,10,0,0,30,2,50,0,0,0,1,0,0,1.996107e-05,0
200,10,0,0,49,0,33,0,0,1,0,0,0,6.2509016e-06,0
107,2,0,0,27,2,42,0,1,0,0,0,0,0.0046290765,0
274,1,1,0,58,4,37,0,0,0,1,0,0,0.015230281,0
152,10,0,0,87,0,31,0,0,1,0,0,0,6.318454e-06,0
114,22,0,0,42,5,69,0,0,0,1,0,0,7.026928e-05,0
4,20,0,0,74,2,33,0,0,0,0,1,0,8.461808e-06,0
303,8,0,0,71,2,54,0,0,0,0,1,0,6.0147727e-06,0
291,13,0,0,73,1,18,1,0,0,0,0,0,6.997102e-06,0
79,3,0,0,82,2,61,0,0,1,0,0,0,1.752133e-05,0
103,3,0,1,45,0,32,0,0,1,0,0,0,0.0019032276,0
16,19,0,0,36,0,53,0,0,0,0,1,0,2.0797603e-05,0
73,12,0,0,40,3,50,0,0,0,1,0,0,5.6773e-06,0
178,11,0,0,83,1,64,1,0,0,0,0,0,5.8726796e-06,0
14,5,0,0,74,1,52,0,0,1,0,0,0,6.561466e-06,0
95,2,0,0,60,3,38,0,0,1,0,0,0,1.4298548e-05,0
3,20,1,0,92,0,56,1,0,0,0,0,0,2.9302457e-05,0
113,14,0,0,49,2,28,0,0,0,1,0,0,5.155537e-06,0
131,14,0,0,53,2,22,0,1,0,0,0,0,4.8342004e-06,0
38,5,0,0,40,3,34,0,1,0,0,0,0,7.4734403e-06,0
283,21,0,0,39,2,63,0,0,1,0,0,0,1.678229e-05,0
1354,23,0,0,38,0,47,0,1,0,0,0,0,0.011108784,0
46,17,0,0,87,2,59,0,1,0,0,0,0,5.8530823e-06,0
400,20,0,0,86,0,42,1,0,0,0,0,0,8.494505e-06,0
90,4,0,0,90,3,28,1,0,0,0,0,0,5.0619524e-06,0
55,3,0,0,39,1,43,0,0,0,1,0,0,0.0012388953,0
319,1,0,0,85,1,36,0,0,1,0,0,0,2.131011e-05,0
236,7,0,0,79,2,25,0,0,1,0,0,0,5.18708e-06,0
1091,18,0,0,74,2,18,0,0,0,1,0,0,0.00049087167,0
168,21,0,0,68,2,41,0,0,1,0,0,0,4.800745e-06,0
108,5,0,0,49,4,28,1,0,0,0,0,0,4.818896e-06,0
9,16,0,0,66,0,49,0,0,1,0,0,0,7.867181e-06,0
0,23,0,0,52,2,68,1,0,0,0,0,0,1.0873328e-05,0
110,6,0,0,65,0,33,0,1,0,0,0,0,6.1763626e-06,0
163,16,0,0,43,3,18,0,0,1,0,0,0,7.23893e-06,0
59,5,0,1,49,1,35,0,0,1,0,0,0,3.7854035e-05,0
2,6,0,0,57,2,24,0,0,0,0,1,0,8.314184e-06,0
41,4,0,0,52,1,65,0,1,0,0,0,0,6.6473817e-06,0
200,7,0,0,34,1,31,0,0,0,1,0,0,1.619856e-05,0
201,22,0,0,41,2,27,0,0,0,0,1,0,7.092502e-06,0
233,10,0,0,89,2,34,0,1,0,0,0,0,4.865383e-06,0
1,0,0,0,39,1,22,0,0,1,0,0,0,0.0046480233,0
352,2,1,0,31,2,37,0,0,1,0,0,1,0.9993512,1
10,17,0,1,36,2,55,1,0,0,0,0,0,0.01021804,0
162,2,0,1,59,1,44,0,0,1,0,0,0,0.0015072871,0
277,7,0,0,97,0,45,0,0,1,0,0,0,6.8312684e-06,0
95,4,0,1,78,6,24,0,0,1,0,0,0,0.11128475,0
171,9,0,0,76,2,61,0,0,0,0,1,0,5.5191895e-06,0
305,15,0,0,48,2,27,1,0,0,0,0,0,4.9991877e-06,0
110,6,0,0,94,3,40,0,0,1,0,0,0,5.1784255e-06,0
162,18,0,0,48,2,31,0,0,0,0,1,0,5.024745e-06,0
352,8,0,0,59,0,29,1,0,0,0,0,0,8.021122e-06,0
772,5,0,1,35,0,56,0,0,1,0,0,0,0.008883359,0
54,12,0,0,47,7,33,0,1,0,0,0,0,3.787195e-05,0
37,15,0,0,45,1,44,0,0,1,0,0,0,5.8056894e-06,0
146,7,0,0,48,1,44,0,0,0,1,0,0,4.221726e-06,0
630,5,1,1,70,2,29,1,0,0,0,0,0,0.038179036,0
411,21,0,0,87,2,65,0,0,1,0,0,0,1.0899512e-05,0
99,1,0,0,35,2,34,0,0,0,0,1,0,0.004203601,0
163,2,0,0,75,2,21,0,0,0,1,0,0,1.50081505e-05,0
79,1,0,0,59,2,45,1,0,0,0,0,0,1.4496578e-05,0
192,19,1,0,80,3,28,0,0,0,0,1,0,3.8680944e-05,0
151,17,0,0,53,3,57,0,0,0,0,1,0,5.658587e-06,0
73,11,0,0,34,4,48,1,0,0,0,0,0,1.2989861e-05,0
72,23,0,0,92,0,66,1,0,0,0,0,0,9.389559e-06,0
236,21,0,0,43,2,23,0,1,0,0,0,0,6.720603e-06,0
152,19,0,0,91,0,36,0,0,0,1,0,0,7.5271714e-06,0
19,19,0,0,35,3,31,0,0,0,1,0,0,3.401619e-05,0
131,8,0,0,64,0,55,1,0,0,0,0,0,5.2914997e-06,0
82,19,0,0,75,5,29,0,0,1,0,0,0,5.7752128e-05,0
142,12,0,0,56,2,41,1,0,0,0,0,0,4.001151e-06,0
243,13,0,0,98,3,67,0,0,0,0,1,0,9.371631e-06,0
118,14,0,0,50,4,24,0,0,0,1,0,0,5.468051e-06,0
56,7,0,0,41,2,50,0,0,0,1,0,0,5.103931e-06,0
105,19,0,0,82,4,53,1,0,0,0,0,0,5.029117e-06,0
10,8,0,0,85,2,44,0,0,1,0,0,0,6.9713983e-06,0
95,10,0,0,37,0,67,0,0,0,0,1,0,1.5447915e-05,0
816,14,0,0,65,3,30,0,0,0,1,0,0,2.4378882e-05,0
85,20,0,0,87,4,63,0,0,0,0,1,0,7.323484e-06,0
670,10,0,1,97,3,43,0,1,0,0,0,0,0.00011637099,0
68,11,0,0,88,3,50,0,0,0,1,0,0,4.8366583e-06,0
398,1,1,1,72,2,62,0,0,0,0,1,1,0.98953176,1
9,2,0,0,88,2,55,0,0,0,0,1,0,2.5819052e-05,0
132,7,0,0,45,2,64,1,0,0,0,0,0,5.8453675e-06,0
152,2,0,0,37,3,53,1,0,0,0,0,0,0.00073827023,0
109,12,0,0,40,2,22,0,0,1,0,0,0,7.01549e-06,0
32,20,0,1,62,2,57,0,0,0,0,1,0,0.00010587032,0
445,6,0,0,65,3,46,0,0,0,1,0,0,6.3046036e-06,0
0,4,0,0,37,3,28,0,0,1,0,0,0,4.5037465e-05,0
137,1,0,0,30,1,25,0,0,0,0,1,0,0.0064195264,0
129,19,0,0,99,5,47,0,0,1,0,0,0,6.346261e-05,0
485,17,0,0,39,3,26,0,0,0,1,0,0,2.0316262e-05,0
488,21,0,0,33,4,19,0,1,0,0,0,0,3.6908626e-05,0
7,17,0,0,90,0,30,0,0,0,0,1,0,1.1169929e-05,0
67,6,0,1,64,1,39,1,0,0,0,0,0,2.4464121e-05,0
204,14,0,0,49,2,40,0,0,0,0,1,0,4.9326213e-06,0
39,9,0,0,69,3,36,1,0,0,0,0,0,5.889994e-06,0
88,4,0,0,49,0,68,0,1,0,0,0,0,7.646581e-06,0
175,0,0,0,97,1,65,0,0,0,1,0,0,2.5631278e-05,0
395,0,0,0,87,2,26,0,0,0,1,0,0,3.1649823e-05,0
207,14,0,0,40,2,35,0,0,0,0,1,0,7.549515e-06,0
64,19,0,0,84,3,67,0,1,0,0,0,0,6.2852255e-06,0
535,5,0,0,71,0,36,0,0,0,1,0,0,1.0699213e-05,0
95,17,0,0,76,1,25,0,1,0,0,0,0,4.790149e-06,0
124,18,0,0,34,1,32,0,0,0,1,0,0,1.753798e-05,0
432,21,0,0,99,5,32,0,1,0,0,0,0,0.00021892857,0
676,20,0,0,79,3,57,1,0,0,0,0,0,1.7019864e-05,0
124,17,0,0,81,1,64,0,0,1,0,0,0,6.1667633e-06,0
12,22,1,0,39,1,31,0,1,0,0,0,0,0.0072679436,0
107,1,0,0,39,3,24,0,0,1,0,0,0,0.0024030372,0
317,8,0,0,48,1,42,0,0,0,1,0,0,4.9555792e-06,0
142,8,0,0,94,1,36,0,0,1,0,0,0,5.3049143e-06,0
420,11,0,0,74,1,61,1,0,0,0,0,0,6.454026e-06,0
366,3,0,0,86,2,32,1,0,0,0,0,0,1.9871724e-05,0
66,15,0,0,50,1,47,0,0,0,1,0,0,4.419485e-06,0
135,15,0,0,75,0,60,0,0,1,0,0,0,6.345961e-06,0
272,3,0,0,96,4,21,1,0,0,0,0,0,1.2274424e-05,0
195,2,0,0,76,3,56,0,0,1,0,0,0,1.4248414e-05,0
349,18,1,0,65,1,60,0,0,1,0,0,0,5.447643e-05,0
358,2,0,0,64,2,57,0,0,0,0,1,0,2.5805048e-05,0
